HRR ID,HRR Name,State,Number of deaths among cancer patients (2012),Percent of cancer patients dying in hospital (2012),,,Percent of cancer patients admitted to hospital during the last month of life (2012 deaths),,,Hospital days per cancer patient during the last month of life (2012 deaths),,,Percent of cancer patients admitted to intensive care during the last month of life (2012 deaths),,,ICU days per cancer patient during the last month of life (2012 deaths),,,Percent of cancer patients receiving life-sustaining treatment during the last month of life (2012 deaths),,,Percent of cancer patients enrolled in hospice during the last month of life (2012 deaths),,,Hospice days per cancer patient during the last month of life (2012 deaths),,,Percent of cancer patients enrolled in hospice during the last three days of life (2012 deaths),,,Percent of cancer patients seeing ten or more physicians during the last six months of life (2012 deaths),,
,,,,Point estimate,Lower conf. limit,Upper conf. limit,Point estimate,Lower conf. limit,Upper conf. limit,Point estimate,Lower conf. limit,Upper conf. limit,Point estimate,Lower conf. limit,Upper conf. limit,Point estimate,Lower conf. limit,Upper conf. limit,Point estimate,Lower conf. limit,Upper conf. limit,Point estimate,Lower conf. limit,Upper conf. limit,Point estimate,Lower conf. limit,Upper conf. limit,Point estimate,Lower conf. limit,Upper conf. limit,Point estimate,Lower conf. limit,Upper conf. limit
1,Birmingham,AL,"1,818",28.0 ,25.7 ,30.6 ,62.7 ,59.1 ,66.5 ,4.9 ,4.7 ,5.2 ,28.7 ,26.4 ,31.3 ,1.2 ,1.1 ,1.4 ,11.4 ,9.9 ,13.0 ,62.0 ,58.5 ,65.8 ,10.1 ,9.6 ,10.7 ,8.8 ,7.5 ,10.3 ,51.1 ,47.9 ,54.5 
2,Dothan,AL,337,19.4 ,15.3 ,24.6 ,52.3 ,45.1 ,60.6 ,3.6 ,3.0 ,4.2 ,19.7 ,15.5 ,24.9 ,0.4 ,0.1 ,0.8 ,5.4 ,3.5 ,8.4 ,69.0 ,60.6 ,78.6 ,11.9 ,10.7 ,13.1 ,6.6 ,4.3 ,10.0 ,46.2 ,39.5 ,54.0 
5,Huntsville,AL,566,30.8 ,26.6 ,35.6 ,65.9 ,59.6 ,72.9 ,5.6 ,5.1 ,6.1 ,43.4 ,38.4 ,49.1 ,3.2 ,2.9 ,3.5 ,9.4 ,7.2 ,12.2 ,57.3 ,51.4 ,64.0 ,9.2 ,8.3 ,10.1 ,8.8 ,6.7 ,11.6 ,54.9 ,49.1 ,61.4 
6,Mobile,AL,630,23.4 ,20.0 ,27.5 ,60.2 ,54.4 ,66.5 ,4.7 ,4.2 ,5.1 ,27.8 ,24.0 ,32.2 ,1.2 ,0.9 ,1.5 ,9.9 ,7.8 ,12.6 ,70.2 ,63.9 ,77.1 ,11.2 ,10.3 ,12.1 ,12.3 ,9.8 ,15.4 ,60.3 ,54.5 ,66.7 
7,Montgomery,AL,364,22.7 ,18.4 ,28.0 ,61.5 ,54.1 ,70.1 ,4.6 ,4.0 ,5.2 ,25.6 ,21.0 ,31.2 ,1.0 ,0.6 ,1.4 ,12.0 ,9.1 ,15.9 ,67.7 ,59.6 ,76.9 ,10.4 ,9.3 ,11.6 ,8.8 ,6.2 ,12.5 ,56.3 ,49.1 ,64.6 
9,Tuscaloosa,AL,244,28.3 ,22.5 ,35.7 ,60.2 ,51.3 ,70.8 ,4.7 ,4.0 ,5.4 ,25.7 ,20.2 ,32.8 ,1.0 ,0.6 ,1.5 ,8.9 ,6.0 ,13.3 ,56.5 ,47.7 ,67.0 ,9.4 ,8.0 ,10.8 ,8.0 ,5.1 ,12.6 ,56.6 ,48.0 ,66.8 
10,Anchorage,AK,380,30.7 ,25.6 ,36.8 ,59.6 ,52.4 ,67.9 ,4.4 ,3.8 ,4.9 ,22.1 ,17.9 ,27.4 ,0.8 ,0.4 ,1.2 ,6.5 ,4.4 ,9.7 ,31.1 ,26.0 ,37.3 ,5.0 ,3.9 ,6.1 ,3.9 ,2.3 ,6.4 ,49.9 ,43.2 ,57.7 
11,Mesa,AZ,538,11.1 ,8.6 ,14.4 ,57.1 ,51.0 ,63.9 ,3.8 ,3.3 ,4.2 ,38.3 ,33.4 ,44.0 ,1.7 ,1.4 ,2.0 ,7.9 ,5.8 ,10.7 ,80.5 ,73.3 ,88.5 ,12.3 ,11.4 ,13.3 ,14.3 ,11.5 ,17.9 ,72.9 ,66.1 ,80.4 
12,Phoenix,AZ,"1,646",15.5 ,13.7 ,17.5 ,57.7 ,54.1 ,61.5 ,4.3 ,4.0 ,4.5 ,36.4 ,33.6 ,39.4 ,1.6 ,1.4 ,1.8 ,10.8 ,9.3 ,12.5 ,76.1 ,72.0 ,80.5 ,11.3 ,10.8 ,11.9 ,14.3 ,12.6 ,16.3 ,66.6 ,62.7 ,70.7 
14,Sun City,AZ,322,11.3 ,8.2 ,15.7 ,59.2 ,51.4 ,68.3 ,4.5 ,3.8 ,5.1 ,43.3 ,36.7 ,51.2 ,2.4 ,2.0 ,2.8 ,14.5 ,10.8 ,19.5 ,84.7 ,75.2 ,95.4 ,12.2 ,11.0 ,13.4 ,15.6 ,11.9 ,20.6 ,76.6 ,67.6 ,86.8 
15,Tucson,AZ,663,13.6 ,11.0 ,16.7 ,57.2 ,51.7 ,63.2 ,3.8 ,3.4 ,4.2 ,36.3 ,32.0 ,41.2 ,1.6 ,1.3 ,1.9 ,9.2 ,7.1 ,11.8 ,74.7 ,68.4 ,81.6 ,10.4 ,9.6 ,11.3 ,14.5 ,11.9 ,17.6 ,62.5 ,56.7 ,69.0 
16,Fort Smith,AR,300,13.4 ,9.9 ,18.2 ,60.1 ,51.9 ,69.5 ,4.1 ,3.4 ,4.7 ,20.3 ,15.9 ,26.1 ,0.7 ,0.3 ,1.1 ,6.3 ,4.0 ,9.9 ,78.2 ,68.8 ,88.9 ,10.6 ,9.4 ,11.9 ,19.6 ,15.2 ,25.3 ,41.4 ,34.8 ,49.3 
18,Jonesboro,AR,240,25.8 ,20.2 ,32.9 ,62.4 ,53.2 ,73.2 ,4.7 ,4.0 ,5.4 ,22.8 ,17.6 ,29.5 ,0.7 ,0.2 ,1.1 ,11.8 ,8.2 ,16.9 ,57.7 ,48.8 ,68.3 ,9.0 ,7.6 ,10.4 ,9.7 ,6.5 ,14.5 ,46.6 ,38.7 ,56.0 
19,Little Rock,AR,"1,496",24.0 ,21.7 ,26.6 ,64.2 ,60.2 ,68.4 ,4.9 ,4.6 ,5.2 ,25.3 ,22.9 ,28.0 ,1.0 ,0.9 ,1.2 ,10.0 ,8.5 ,11.7 ,62.6 ,58.7 ,66.8 ,9.2 ,8.6 ,9.8 ,11.3 ,9.7 ,13.2 ,44.9 ,41.6 ,48.4 
21,Springdale,AR,324,18.6 ,14.5 ,24.0 ,61.9 ,53.9 ,71.0 ,3.8 ,3.1 ,4.4 ,22.6 ,18.0 ,28.5 ,0.7 ,0.4 ,1.1 ,7.3 ,4.9 ,11.0 ,69.4 ,60.9 ,79.0 ,11.0 ,9.8 ,12.2 ,8.5 ,5.9 ,12.3 ,48.7 ,41.6 ,57.0 
22,Texarkana,AR,268,20.5 ,15.8 ,26.6 ,59.6 ,51.1 ,69.7 ,4.5 ,3.8 ,5.1 ,25.8 ,20.5 ,32.6 ,1.2 ,0.8 ,1.6 ,10.3 ,7.2 ,14.8 ,62.5 ,53.6 ,72.8 ,9.3 ,8.0 ,10.7 ,14.2 ,10.3 ,19.6 ,43.3 ,36.1 ,51.8 
23,Orange County,CA,"1,272",26.8 ,24.1 ,29.9 ,64.9 ,60.6 ,69.5 ,5.0 ,4.7 ,5.3 ,45.1 ,41.5 ,49.1 ,2.3 ,2.1 ,2.5 ,15.4 ,13.3 ,17.8 ,60.7 ,56.6 ,65.1 ,8.3 ,7.7 ,8.9 ,12.4 ,10.6 ,14.5 ,68.2 ,63.7 ,72.9 
25,Bakersfield,CA,481,27.6 ,23.2 ,32.8 ,66.5 ,59.6 ,74.3 ,5.3 ,4.8 ,5.8 ,38.6 ,33.4 ,44.6 ,1.8 ,1.5 ,2.2 ,13.7 ,10.7 ,17.5 ,57.3 ,51.0 ,64.5 ,8.7 ,7.7 ,9.7 ,8.9 ,6.6 ,12.0 ,50.6 ,44.7 ,57.4 
31,Chico,CA,327,20.9 ,16.5 ,26.5 ,53.4 ,46.0 ,61.9 ,4.0 ,3.3 ,4.6 ,26.6 ,21.6 ,32.9 ,1.1 ,0.7 ,1.5 ,5.8 ,3.6 ,9.1 ,58.8 ,51.0 ,67.7 ,9.8 ,8.6 ,11.0 ,8.4 ,5.8 ,12.1 ,53.7 ,46.2 ,62.5 
33,Contra Costa County,CA,419,29.6 ,24.7 ,35.4 ,62.8 ,55.6 ,70.9 ,5.0 ,4.5 ,5.6 ,40.7 ,34.9 ,47.4 ,2.2 ,1.8 ,2.5 ,13.6 ,10.4 ,17.8 ,58.5 ,51.6 ,66.2 ,8.5 ,7.4 ,9.6 ,8.9 ,6.4 ,12.3 ,68.7 ,61.0 ,77.2 
43,Fresno,CA,518,35.3 ,30.5 ,40.9 ,69.8 ,63.0 ,77.4 ,5.8 ,5.3 ,6.2 ,36.3 ,31.4 ,42.0 ,1.9 ,1.6 ,2.2 ,15.2 ,12.1 ,19.0 ,50.4 ,44.7 ,56.9 ,6.6 ,5.6 ,7.5 ,9.2 ,6.9 ,12.2 ,55.7 ,49.5 ,62.6 
56,Los Angeles,CA,"3,920",33.6 ,31.8 ,35.6 ,68.2 ,65.6 ,71.0 ,5.9 ,5.7 ,6.1 ,48.9 ,46.7 ,51.3 ,3.0 ,2.9 ,3.1 ,18.1 ,16.8 ,19.6 ,49.8 ,47.6 ,52.1 ,6.8 ,6.4 ,7.1 ,9.5 ,8.6 ,10.6 ,66.4 ,63.9 ,69.1 
58,Modesto,CA,497,30.9 ,26.4 ,36.2 ,67.6 ,60.7 ,75.3 ,5.6 ,5.1 ,6.1 ,41.3 ,36.0 ,47.4 ,2.4 ,2.1 ,2.8 ,12.8 ,10.0 ,16.4 ,55.1 ,48.9 ,62.0 ,7.9 ,7.0 ,8.9 ,8.4 ,6.2 ,11.4 ,59.1 ,52.6 ,66.2 
62,Napa,CA,257,24.8 ,19.4 ,31.7 ,59.4 ,50.7 ,69.5 ,4.2 ,3.5 ,4.9 ,34.2 ,27.8 ,42.2 ,1.6 ,1.2 ,2.1 ,8.1 ,5.2 ,12.6 ,55.8 ,47.4 ,65.8 ,8.3 ,7.0 ,9.7 ,10.6 ,7.3 ,15.4 ,43.4 ,36.0 ,52.5 
65,Alameda County,CA,560,31.8 ,27.5 ,36.9 ,62.9 ,56.7 ,69.8 ,5.0 ,4.5 ,5.5 ,39.5 ,34.6 ,45.1 ,2.0 ,1.7 ,2.3 ,10.4 ,8.0 ,13.5 ,50.9 ,45.3 ,57.1 ,8.6 ,7.6 ,9.5 ,5.8 ,4.1 ,8.3 ,61.2 ,54.9 ,68.1 
69,Palm Springs/Rancho Mirage,CA,302,22.1 ,17.3 ,28.2 ,66.0 ,57.4 ,75.9 ,4.4 ,3.8 ,5.1 ,46.2 ,39.0 ,54.7 ,2.2 ,1.8 ,2.6 ,12.6 ,9.0 ,17.5 ,69.8 ,61.1 ,79.8 ,9.8 ,8.5 ,11.0 ,12.6 ,9.1 ,17.3 ,61.7 ,53.3 ,71.3 
73,Redding,CA,322,20.2 ,15.9 ,25.7 ,51.3 ,44.1 ,59.6 ,3.6 ,3.0 ,4.2 ,27.4 ,22.3 ,33.7 ,1.1 ,0.8 ,1.5 ,8.3 ,5.7 ,12.2 ,62.9 ,54.8 ,72.2 ,9.9 ,8.7 ,11.1 ,9.9 ,7.0 ,13.9 ,42.5 ,35.9 ,50.4 
77,Sacramento,CA,"1,245",28.4 ,25.5 ,31.6 ,64.7 ,60.3 ,69.3 ,4.6 ,4.3 ,4.9 ,35.5 ,32.2 ,39.0 ,1.6 ,1.4 ,1.8 ,10.1 ,8.4 ,12.1 ,57.5 ,53.5 ,61.9 ,8.3 ,7.6 ,8.9 ,10.0 ,8.4 ,12.0 ,57.5 ,53.4 ,61.9 
78,Salinas,CA,275,33.5 ,27.3 ,41.2 ,65.3 ,56.4 ,75.5 ,4.5 ,3.8 ,5.1 ,29.8 ,24.0 ,37.1 ,1.0 ,0.5 ,1.4 ,5.7 ,3.4 ,9.5 ,50.7 ,43.0 ,59.9 ,7.8 ,6.5 ,9.1 ,5.4 ,3.3 ,9.0 ,50.2 ,42.3 ,59.4 
79,San Bernardino,CA,782,25.0 ,21.7 ,28.7 ,64.7 ,59.3 ,70.7 ,4.8 ,4.4 ,5.2 ,42.9 ,38.5 ,47.7 ,2.4 ,2.1 ,2.6 ,13.8 ,11.5 ,16.7 ,62.9 ,57.5 ,68.7 ,8.9 ,8.2 ,9.7 ,12.0 ,9.8 ,14.7 ,58.0 ,53.0 ,63.5 
80,San Diego,CA,"1,407",25.5 ,23.0 ,28.4 ,61.5 ,57.5 ,65.7 ,4.4 ,4.1 ,4.7 ,40.5 ,37.3 ,44.1 ,2.1 ,1.9 ,2.3 ,12.4 ,10.6 ,14.4 ,63.8 ,59.7 ,68.1 ,9.7 ,9.1 ,10.3 ,10.5 ,9.0 ,12.4 ,59.2 ,55.3 ,63.4 
81,San Francisco,CA,705,34.8 ,30.6 ,39.6 ,62.7 ,57.1 ,68.9 ,4.9 ,4.5 ,5.4 ,36.5 ,32.2 ,41.3 ,1.5 ,1.3 ,1.8 ,8.8 ,6.8 ,11.3 ,48.6 ,43.8 ,54.0 ,8.4 ,7.6 ,9.2 ,4.3 ,3.0 ,6.2 ,58.5 ,53.0 ,64.6 
82,San Jose,CA,631,34.7 ,30.3 ,39.7 ,64.7 ,58.7 ,71.3 ,5.3 ,4.9 ,5.8 ,35.2 ,30.8 ,40.2 ,2.2 ,1.9 ,2.5 ,11.0 ,8.6 ,14.0 ,54.3 ,48.9 ,60.4 ,8.1 ,7.2 ,9.0 ,9.1 ,7.0 ,11.8 ,63.8 ,57.7 ,70.4 
83,San Luis Obispo,CA,200,17.0 ,12.2 ,23.7 ,53.5 ,44.4 ,64.5 ,3.6 ,2.8 ,4.3 ,31.3 ,24.5 ,40.1 ,1.5 ,1.0 ,2.0 ,7.2 ,4.3 ,12.1 ,66.6 ,56.2 ,78.9 ,10.2 ,8.7 ,11.8 ,13.6 ,9.4 ,19.7 ,50.7 ,41.4 ,62.2 
85,San Mateo County,CA,335,25.9 ,20.9 ,32.1 ,58.6 ,50.9 ,67.4 ,4.1 ,3.5 ,4.7 ,32.6 ,27.0 ,39.5 ,1.4 ,1.0 ,1.8 ,7.8 ,5.2 ,11.6 ,61.2 ,53.4 ,70.1 ,10.1 ,8.9 ,11.3 ,9.3 ,6.5 ,13.2 ,55.2 ,47.7 ,63.9 
86,Santa Barbara,CA,264,26.8 ,21.2 ,33.9 ,58.7 ,50.2 ,68.7 ,4.7 ,4.0 ,5.3 ,33.4 ,27.1 ,41.2 ,1.9 ,1.5 ,2.3 ,10.7 ,7.3 ,15.6 ,57.7 ,49.3 ,67.6 ,9.7 ,8.4 ,11.0 ,7.8 ,5.1 ,12.0 ,52.3 ,44.1 ,61.9 
87,Santa Cruz,CA,164,22.5 ,16.4 ,31.0 ,48.9 ,39.5 ,60.6 ,3.3 ,2.4 ,4.2 ,29.6 ,22.3 ,39.1 ,1.1 ,0.5 ,1.6 ,7.5 ,4.3 ,13.2 ,62.6 ,51.6 ,75.9 ,11.9 ,10.3 ,13.6 ,,,,52.9 ,42.4 ,66.0 
89,Santa Rosa,CA,278,27.7 ,22.1 ,34.8 ,62.8 ,54.1 ,72.8 ,4.6 ,3.9 ,5.2 ,33.1 ,26.9 ,40.7 ,1.4 ,1.0 ,1.9 ,8.5 ,5.6 ,13.0 ,58.3 ,50.0 ,67.9 ,8.5 ,7.2 ,9.8 ,13.1 ,9.5 ,18.1 ,54.1 ,45.9 ,63.7 
91,Stockton,CA,301,29.8 ,24.2 ,36.7 ,66.7 ,58.0 ,76.6 ,5.4 ,4.8 ,6.1 ,43.1 ,36.2 ,51.2 ,2.7 ,2.3 ,3.1 ,12.1 ,8.7 ,16.8 ,51.9 ,44.3 ,60.7 ,7.3 ,6.0 ,8.5 ,10.7 ,7.6 ,15.1 ,50.6 ,43.1 ,59.3 
96,Ventura,CA,454,26.6 ,22.2 ,31.8 ,59.6 ,52.9 ,67.1 ,4.5 ,4.0 ,5.0 ,33.8 ,28.8 ,39.6 ,1.7 ,1.4 ,2.0 ,8.8 ,6.4 ,12.0 ,64.2 ,57.2 ,72.0 ,9.1 ,8.1 ,10.1 ,11.5 ,8.8 ,15.1 ,60.7 ,53.9 ,68.4 
101,Boulder,CO,95,15.1 ,9.0 ,25.5 ,53.4 ,40.6 ,70.3 ,3.4 ,2.3 ,4.6 ,22.9 ,14.9 ,35.2 ,0.9 ,0.2 ,1.6 ,,,,73.8 ,58.6 ,93.0 ,12.8 ,10.5 ,15.0 ,,,,57.5 ,43.8 ,75.5 
102,Colorado Springs,CO,422,14.0 ,10.9 ,18.0 ,51.3 ,44.9 ,58.5 ,3.4 ,2.9 ,4.0 ,17.4 ,13.9 ,21.9 ,0.4 ,0.1 ,0.8 ,7.4 ,5.2 ,10.5 ,72.6 ,64.8 ,81.2 ,11.4 ,10.3 ,12.4 ,12.1 ,9.2 ,15.9 ,47.7 ,41.5 ,54.8 
103,Denver,CO,928,18.8 ,16.2 ,21.8 ,59.2 ,54.5 ,64.4 ,4.0 ,3.7 ,4.4 ,30.1 ,26.8 ,33.9 ,1.2 ,1.0 ,1.4 ,8.4 ,6.7 ,10.5 ,68.9 ,63.7 ,74.4 ,10.5 ,9.8 ,11.2 ,11.5 ,9.6 ,14.0 ,65.1 ,60.0 ,70.6 
104,Fort Collins,CO,185,18.6 ,13.3 ,25.9 ,56.0 ,46.3 ,67.7 ,3.4 ,2.6 ,4.2 ,23.1 ,17.1 ,31.2 ,0.6 ,0.1 ,1.1 ,,,,62.2 ,51.9 ,74.7 ,10.5 ,8.9 ,12.1 ,9.5 ,6.0 ,15.0 ,58.6 ,48.3 ,71.1 
105,Grand Junction,CO,149,15.2 ,10.1 ,22.9 ,46.6 ,37.0 ,58.7 ,3.0 ,2.1 ,3.9 ,17.3 ,11.8 ,25.5 ,0.7 ,0.2 ,1.3 ,,,,75.7 ,63.0 ,91.0 ,13.7 ,11.9 ,15.4 ,9.0 ,5.3 ,15.2 ,31.6 ,23.4 ,42.5 
106,Greeley,CO,222,18.3 ,13.4 ,24.8 ,61.0 ,51.6 ,72.1 ,3.8 ,3.0 ,4.5 ,27.0 ,21.0 ,34.8 ,1.2 ,0.7 ,1.6 ,8.4 ,5.3 ,13.3 ,65.0 ,55.2 ,76.5 ,10.0 ,8.5 ,11.4 ,14.1 ,10.0 ,19.9 ,51.1 ,42.5 ,61.4 
107,Pueblo,CO,136,17.2 ,11.5 ,26.0 ,55.1 ,44.0 ,69.2 ,4.1 ,3.2 ,5.1 ,18.7 ,12.6 ,27.6 ,0.6 ,,1.2 ,,,,69.3 ,56.7 ,84.8 ,10.6 ,8.7 ,12.4 ,14.6 ,9.4 ,22.6 ,49.8 ,39.1 ,63.4 
109,Bridgeport,CT,506,29.4 ,24.9 ,34.6 ,62.1 ,55.6 ,69.5 ,5.5 ,5.0 ,6.0 ,32.2 ,27.5 ,37.6 ,1.5 ,1.2 ,1.8 ,12.0 ,9.2 ,15.6 ,59.8 ,53.4 ,66.9 ,7.9 ,6.9 ,8.9 ,11.4 ,8.8 ,14.8 ,77.2 ,69.8 ,85.4 
110,Hartford,CT,"1,308",26.5 ,23.8 ,29.5 ,62.6 ,58.5 ,67.1 ,5.2 ,4.9 ,5.5 ,32.5 ,29.5 ,35.8 ,1.5 ,1.3 ,1.7 ,9.8 ,8.2 ,11.8 ,57.7 ,53.7 ,61.9 ,7.6 ,7.0 ,8.2 ,13.4 ,11.5 ,15.5 ,74.2 ,69.5 ,79.1 
111,New Haven,CT,"1,339",27.5 ,24.8 ,30.6 ,62.4 ,58.3 ,66.9 ,5.1 ,4.8 ,5.4 ,24.0 ,21.5 ,26.8 ,1.0 ,0.8 ,1.2 ,9.6 ,8.0 ,11.5 ,59.4 ,55.5 ,63.7 ,8.1 ,7.5 ,8.7 ,12.0 ,10.3 ,14.1 ,77.2 ,72.5 ,82.1 
112,Wilmington,DE,714,19.0 ,16.0 ,22.4 ,60.3 ,54.9 ,66.3 ,4.7 ,4.3 ,5.1 ,27.1 ,23.6 ,31.2 ,1.2 ,1.0 ,1.5 ,9.7 ,7.7 ,12.3 ,76.0 ,69.8 ,82.7 ,11.2 ,10.3 ,12.0 ,14.5 ,11.9 ,17.6 ,69.4 ,63.5 ,75.9 
113,Washington,DC,"1,952",25.8 ,23.7 ,28.2 ,61.2 ,57.8 ,64.8 ,5.3 ,5.0 ,5.5 ,26.2 ,24.0 ,28.6 ,1.3 ,1.1 ,1.4 ,11.5 ,10.2 ,13.1 ,58.8 ,55.5 ,62.4 ,9.1 ,8.7 ,9.6 ,9.0 ,7.7 ,10.5 ,70.0 ,66.3 ,73.9 
115,Bradenton,FL,338,13.3 ,9.8 ,17.9 ,61.1 ,53.2 ,70.1 ,4.7 ,4.1 ,5.3 ,37.1 ,31.1 ,44.3 ,1.9 ,1.6 ,2.3 ,11.1 ,8.0 ,15.5 ,74.9 ,66.2 ,84.7 ,10.4 ,9.3 ,11.6 ,14.8 ,11.2 ,19.5 ,66.2 ,58.0 ,75.6 
116,Clearwater,FL,448,20.8 ,16.9 ,25.6 ,55.8 ,49.2 ,63.3 ,4.1 ,3.5 ,4.6 ,35.0 ,29.9 ,41.1 ,1.7 ,1.4 ,2.1 ,10.8 ,8.1 ,14.6 ,69.1 ,61.9 ,77.3 ,11.5 ,10.4 ,12.5 ,11.7 ,8.9 ,15.3 ,72.2 ,64.7 ,80.5 
118,Fort Lauderdale,FL,"2,336",15.2 ,13.7 ,16.9 ,63.6 ,60.4 ,67.0 ,5.0 ,4.8 ,5.3 ,42.1 ,39.4 ,44.9 ,2.4 ,2.3 ,2.6 ,12.8 ,11.4 ,14.4 ,77.7 ,74.1 ,81.3 ,10.0 ,9.6 ,10.5 ,19.3 ,17.6 ,21.2 ,77.2 ,73.6 ,80.9 
119,Fort Myers,FL,"1,325",16.7 ,14.6 ,19.0 ,62.0 ,57.8 ,66.4 ,4.5 ,4.2 ,4.8 ,35.4 ,32.3 ,38.7 ,1.9 ,1.7 ,2.1 ,11.6 ,9.8 ,13.6 ,78.3 ,73.6 ,83.3 ,11.2 ,10.6 ,11.8 ,14.3 ,12.4 ,16.5 ,75.4 ,70.9 ,80.2 
120,Gainesville,FL,532,17.4 ,14.2 ,21.2 ,60.8 ,54.5 ,67.8 ,4.6 ,4.1 ,5.0 ,29.4 ,25.1 ,34.3 ,1.3 ,1.0 ,1.6 ,10.1 ,7.8 ,13.1 ,74.6 ,67.5 ,82.4 ,11.3 ,10.4 ,12.3 ,14.6 ,11.7 ,18.3 ,59.9 ,53.8 ,66.8 
122,Hudson,FL,481,18.1 ,14.6 ,22.4 ,69.1 ,62.0 ,77.1 ,5.3 ,4.7 ,5.8 ,40.6 ,35.2 ,46.8 ,2.3 ,1.9 ,2.6 ,12.5 ,9.6 ,16.2 ,72.3 ,65.1 ,80.3 ,9.4 ,8.4 ,10.4 ,13.4 ,10.5 ,17.2 ,66.0 ,59.2 ,73.6 
123,Jacksonville,FL,"1,123",18.5 ,16.2 ,21.2 ,64.3 ,59.8 ,69.2 ,4.9 ,4.6 ,5.2 ,37.0 ,33.6 ,40.7 ,1.9 ,1.7 ,2.1 ,11.6 ,9.8 ,13.7 ,75.3 ,70.3 ,80.6 ,11.0 ,10.4 ,11.7 ,13.3 ,11.3 ,15.7 ,71.7 ,66.9 ,76.8 
124,Lakeland,FL,256,18.3 ,13.7 ,24.4 ,59.0 ,50.2 ,69.3 ,5.2 ,4.5 ,5.9 ,24.8 ,19.4 ,31.7 ,1.3 ,0.8 ,1.7 ,15.1 ,11.0 ,20.6 ,72.5 ,62.7 ,83.8 ,11.9 ,10.5 ,13.2 ,13.0 ,9.2 ,18.3 ,60.7 ,52.0 ,70.8 
127,Miami,FL,"1,350",24.2 ,21.6 ,27.0 ,67.0 ,62.7 ,71.6 ,5.5 ,5.2 ,5.9 ,51.3 ,47.5 ,55.4 ,3.4 ,3.2 ,3.6 ,14.0 ,12.1 ,16.3 ,65.7 ,61.5 ,70.1 ,8.8 ,8.3 ,9.4 ,14.7 ,12.8 ,17.0 ,73.7 ,69.3 ,78.4 
129,Ocala,FL,892,14.6 ,12.3 ,17.3 ,63.2 ,58.2 ,68.7 ,4.5 ,4.1 ,4.8 ,26.6 ,23.4 ,30.2 ,1.0 ,0.8 ,1.3 ,10.8 ,8.8 ,13.2 ,78.2 ,72.6 ,84.3 ,10.8 ,10.1 ,11.5 ,15.9 ,13.5 ,18.7 ,66.1 ,60.9 ,71.7 
130,Orlando,FL,"3,026",18.6 ,17.1 ,20.3 ,62.7 ,59.9 ,65.6 ,4.9 ,4.7 ,5.1 ,38.7 ,36.5 ,41.1 ,2.1 ,1.9 ,2.2 ,10.5 ,9.3 ,11.7 ,73.7 ,70.6 ,76.9 ,10.7 ,10.3 ,11.1 ,14.9 ,13.5 ,16.4 ,68.2 ,65.3 ,71.3 
131,Ormond Beach,FL,407,12.7 ,9.6 ,16.7 ,54.1 ,47.4 ,61.8 ,3.8 ,3.3 ,4.4 ,33.8 ,28.5 ,39.9 ,1.8 ,1.4 ,2.1 ,11.3 ,8.4 ,15.1 ,75.7 ,67.7 ,84.7 ,12.0 ,10.9 ,13.1 ,14.5 ,11.2 ,18.7 ,64.1 ,56.7 ,72.4 
133,Panama City,FL,189,14.2 ,9.7 ,20.7 ,57.1 ,47.2 ,69.1 ,4.1 ,3.3 ,4.9 ,23.4 ,17.4 ,31.3 ,0.9 ,0.4 ,1.4 ,9.2 ,5.8 ,14.6 ,79.6 ,67.8 ,93.5 ,11.9 ,10.4 ,13.5 ,10.0 ,6.4 ,15.8 ,61.3 ,51.3 ,73.1 
134,Pensacola,FL,739,18.4 ,15.5 ,21.7 ,62.7 ,57.2 ,68.7 ,4.8 ,4.4 ,5.2 ,30.5 ,26.8 ,34.8 ,1.4 ,1.2 ,1.7 ,11.8 ,9.6 ,14.6 ,74.3 ,68.3 ,80.9 ,11.2 ,10.4 ,12.0 ,13.7 ,11.3 ,16.7 ,58.2 ,52.9 ,63.9 
137,Sarasota,FL,582,13.7 ,10.9 ,17.1 ,57.3 ,51.5 ,63.9 ,3.7 ,3.3 ,4.2 ,28.8 ,24.7 ,33.6 ,1.3 ,1.0 ,1.6 ,8.3 ,6.2 ,11.2 ,75.8 ,69.1 ,83.2 ,10.8 ,9.9 ,11.7 ,14.1 ,11.4 ,17.5 ,67.3 ,60.9 ,74.5 
139,St. Petersburg,FL,321,24.7 ,19.8 ,30.9 ,62.0 ,53.9 ,71.2 ,5.4 ,4.7 ,6.0 ,45.6 ,38.7 ,53.7 ,3.2 ,2.8 ,3.5 ,13.2 ,9.7 ,18.0 ,63.9 ,55.8 ,73.3 ,9.3 ,8.1 ,10.5 ,13.2 ,9.7 ,17.9 ,70.3 ,61.6 ,80.2 
140,Tallahassee,FL,481,20.5 ,16.9 ,24.9 ,58.2 ,51.8 ,65.5 ,4.4 ,3.9 ,4.9 ,26.4 ,22.2 ,31.3 ,1.2 ,0.9 ,1.5 ,8.6 ,6.4 ,11.6 ,66.5 ,59.5 ,74.2 ,10.4 ,9.5 ,11.4 ,10.0 ,7.5 ,13.3 ,49.3 ,43.4 ,56.0 
141,Tampa,FL,749,20.5 ,17.4 ,24.0 ,61.9 ,56.4 ,67.8 ,4.9 ,4.5 ,5.3 ,40.0 ,35.7 ,44.8 ,2.2 ,2.0 ,2.5 ,12.5 ,10.2 ,15.4 ,73.0 ,67.1 ,79.4 ,11.0 ,10.2 ,11.8 ,13.3 ,10.9 ,16.2 ,70.4 ,64.7 ,76.7 
142,Albany,GA,133,14.7 ,9.6 ,22.6 ,53.7 ,42.6 ,67.6 ,3.8 ,2.9 ,4.8 ,19.1 ,13.1 ,27.9 ,0.6 ,0.0 ,1.2 ,7.7 ,4.4 ,13.6 ,73.5 ,60.0 ,90.0 ,12.1 ,10.2 ,14.0 ,10.1 ,5.8 ,17.4 ,56.6 ,45.4 ,70.5 
144,Atlanta,GA,"3,116",18.0 ,16.6 ,19.5 ,61.7 ,58.9 ,64.5 ,4.5 ,4.3 ,4.7 ,31.0 ,29.1 ,33.1 ,1.3 ,1.2 ,1.4 ,10.1 ,9.1 ,11.3 ,73.2 ,70.2 ,76.3 ,11.1 ,10.7 ,11.5 ,12.5 ,11.3 ,13.8 ,63.9 ,61.1 ,66.8 
145,Augusta,GA,454,24.9 ,20.7 ,29.8 ,54.7 ,48.4 ,61.9 ,4.5 ,4.0 ,5.1 ,27.9 ,23.5 ,33.2 ,1.4 ,1.1 ,1.7 ,9.8 ,7.4 ,13.1 ,58.7 ,52.0 ,66.3 ,9.4 ,8.4 ,10.5 ,9.0 ,6.5 ,12.3 ,49.9 ,43.7 ,57.0 
146,Columbus,GA,238,17.8 ,13.3 ,23.9 ,55.1 ,46.5 ,65.3 ,4.4 ,3.6 ,5.1 ,18.4 ,13.8 ,24.6 ,0.6 ,0.1 ,1.1 ,13.5 ,9.8 ,18.7 ,77.4 ,66.8 ,89.7 ,12.5 ,11.1 ,13.9 ,10.1 ,6.7 ,15.1 ,50.4 ,42.2 ,60.2 
147,Macon,GA,480,22.1 ,18.3 ,26.7 ,62.7 ,55.9 ,70.3 ,4.6 ,4.1 ,5.1 ,28.1 ,23.8 ,33.3 ,1.3 ,1.0 ,1.6 ,11.4 ,8.8 ,14.7 ,70.2 ,63.0 ,78.2 ,10.6 ,9.6 ,11.6 ,14.0 ,11.0 ,17.9 ,56.4 ,50.2 ,63.4 
148,Rome,GA,223,24.4 ,18.8 ,31.8 ,63.1 ,53.5 ,74.4 ,4.1 ,3.4 ,4.8 ,28.3 ,22.2 ,36.1 ,1.2 ,0.7 ,1.6 ,8.1 ,5.2 ,12.7 ,66.3 ,56.3 ,78.0 ,10.5 ,9.0 ,11.9 ,8.8 ,5.7 ,13.7 ,60.0 ,50.7 ,71.1 
149,Savannah,GA,636,20.0 ,16.9 ,23.8 ,58.2 ,52.5 ,64.4 ,4.3 ,3.8 ,4.7 ,28.7 ,24.8 ,33.1 ,1.5 ,1.2 ,1.8 ,7.6 ,5.8 ,10.0 ,74.4 ,67.9 ,81.5 ,12.0 ,11.1 ,12.8 ,10.3 ,8.0 ,13.1 ,63.2 ,57.3 ,69.8 
150,Honolulu,HI,525,23.0 ,19.2 ,27.5 ,52.6 ,46.8 ,59.2 ,4.8 ,4.3 ,5.2 ,26.9 ,22.8 ,31.8 ,1.2 ,0.9 ,1.5 ,9.1 ,6.8 ,12.2 ,61.7 ,55.4 ,68.8 ,10.5 ,9.6 ,11.5 ,7.8 ,5.8 ,10.6 ,51.8 ,45.8 ,58.5 
151,Boise,ID,366,21.0 ,16.8 ,26.2 ,52.7 ,45.9 ,60.7 ,3.3 ,2.7 ,3.9 ,20.5 ,16.3 ,25.6 ,0.6 ,0.2 ,1.0 ,8.0 ,5.6 ,11.5 ,65.4 ,57.6 ,74.3 ,11.8 ,10.7 ,12.9 ,7.1 ,4.9 ,10.4 ,40.3 ,34.2 ,47.5 
152,Idaho Falls,ID,108,24.5 ,16.8 ,35.8 ,52.9 ,41.0 ,68.2 ,3.0 ,2.0 ,4.1 ,22.0 ,14.8 ,32.9 ,1.0 ,0.3 ,1.6 ,,,,60.7 ,47.7 ,77.3 ,10.1 ,8.0 ,12.2 ,10.7 ,6.1 ,18.8 ,36.7 ,26.7 ,50.4 
154,Aurora,IL,163,17.4 ,12.0 ,25.2 ,60.6 ,49.7 ,73.9 ,4.4 ,3.5 ,5.3 ,31.6 ,24.0 ,41.7 ,1.7 ,1.2 ,2.3 ,14.0 ,9.2 ,21.3 ,71.3 ,59.5 ,85.5 ,10.3 ,8.6 ,12.0 ,17.7 ,12.3 ,25.4 ,65.8 ,54.5 ,79.5 
155,Blue Island,IL,974,22.0 ,19.2 ,25.1 ,69.2 ,64.1 ,74.7 ,5.5 ,5.1 ,5.8 ,44.7 ,40.6 ,49.1 ,2.4 ,2.1 ,2.6 ,12.5 ,10.5 ,14.9 ,65.8 ,60.8 ,71.1 ,8.2 ,7.5 ,8.9 ,15.7 ,13.3 ,18.5 ,67.1 ,62.2 ,72.4 
156,Chicago,IL,"1,748",23.7 ,21.5 ,26.1 ,67.9 ,64.1 ,71.9 ,5.5 ,5.3 ,5.8 ,41.7 ,38.8 ,44.9 ,2.2 ,2.0 ,2.4 ,16.1 ,14.4 ,18.0 ,61.9 ,58.2 ,65.8 ,8.7 ,8.1 ,9.2 ,12.6 ,10.9 ,14.5 ,68.5 ,64.7 ,72.6 
158,Elgin,IL,652,20.3 ,17.1 ,24.2 ,67.1 ,61.0 ,73.8 ,4.9 ,4.5 ,5.3 ,48.3 ,43.2 ,54.0 ,2.5 ,2.3 ,2.8 ,12.5 ,10.1 ,15.6 ,71.5 ,65.3 ,78.3 ,8.8 ,7.9 ,9.6 ,19.5 ,16.4 ,23.3 ,72.6 ,66.3 ,79.4 
161,Evanston,IL,"1,015",19.3 ,16.8 ,22.3 ,59.8 ,55.2 ,64.8 ,4.7 ,4.4 ,5.0 ,29.7 ,26.5 ,33.3 ,1.2 ,1.0 ,1.5 ,10.0 ,8.2 ,12.3 ,69.7 ,64.8 ,75.1 ,9.9 ,9.2 ,10.6 ,14.0 ,11.9 ,16.5 ,77.5 ,72.2 ,83.3 
163,Hinsdale,IL,375,19.1 ,15.0 ,24.2 ,64.7 ,57.0 ,73.5 ,4.6 ,4.0 ,5.2 ,34.5 ,28.9 ,41.1 ,1.7 ,1.3 ,2.0 ,9.3 ,6.6 ,13.1 ,67.0 ,59.2 ,75.7 ,9.3 ,8.1 ,10.4 ,10.5 ,7.7 ,14.4 ,74.2 ,65.9 ,83.5 
164,Joliet,IL,650,21.2 ,17.9 ,25.1 ,65.4 ,59.4 ,72.0 ,5.3 ,4.8 ,5.7 ,43.9 ,39.0 ,49.3 ,2.3 ,2.0 ,2.6 ,11.9 ,9.5 ,14.9 ,68.2 ,62.1 ,74.9 ,9.4 ,8.6 ,10.3 ,14.7 ,12.0 ,18.1 ,71.5 ,65.4 ,78.2 
166,Melrose Park,IL,"1,066",19.4 ,16.8 ,22.3 ,64.6 ,59.9 ,69.7 ,5.2 ,4.9 ,5.6 ,38.0 ,34.3 ,41.9 ,2.0 ,1.8 ,2.2 ,10.6 ,8.8 ,12.9 ,67.6 ,62.8 ,72.7 ,9.3 ,8.6 ,10.0 ,15.3 ,13.1 ,17.8 ,70.2 ,65.3 ,75.5 
170,Peoria,IL,695,23.3 ,19.9 ,27.2 ,63.6 ,58.0 ,69.9 ,4.8 ,4.4 ,5.2 ,31.6 ,27.7 ,36.1 ,1.3 ,1.0 ,1.6 ,9.0 ,7.0 ,11.7 ,56.7 ,51.4 ,62.6 ,8.8 ,7.9 ,9.6 ,7.0 ,5.3 ,9.2 ,53.2 ,48.0 ,59.0 
171,Rockford,IL,707,18.6 ,15.7 ,22.1 ,57.0 ,51.6 ,62.8 ,4.2 ,3.8 ,4.6 ,25.7 ,22.2 ,29.8 ,1.1 ,0.8 ,1.4 ,7.7 ,5.9 ,10.2 ,69.3 ,63.5 ,75.7 ,10.6 ,9.8 ,11.4 ,11.4 ,9.1 ,14.2 ,56.7 ,51.4 ,62.6 
172,Springfield,IL,"1,028",26.3 ,23.3 ,29.6 ,63.0 ,58.3 ,68.1 ,4.7 ,4.4 ,5.1 ,25.5 ,22.5 ,28.7 ,1.0 ,0.8 ,1.2 ,8.4 ,6.8 ,10.4 ,49.4 ,45.3 ,53.9 ,7.7 ,7.0 ,8.4 ,9.1 ,7.4 ,11.1 ,43.1 ,39.2 ,47.4 
173,Urbana,IL,389,26.8 ,22.1 ,32.5 ,64.1 ,56.6 ,72.6 ,4.7 ,4.1 ,5.2 ,28.1 ,23.3 ,33.9 ,1.3 ,0.9 ,1.6 ,9.3 ,6.7 ,12.9 ,52.3 ,45.6 ,60.1 ,7.0 ,5.9 ,8.1 ,10.4 ,7.7 ,14.2 ,54.3 ,47.5 ,62.1 
175,Bloomington,IL,149,29.9 ,22.5 ,39.9 ,62.0 ,50.6 ,75.9 ,3.8 ,2.9 ,4.8 ,27.9 ,20.6 ,37.6 ,1.4 ,0.8 ,2.0 ,7.0 ,3.9 ,12.7 ,49.4 ,39.2 ,62.2 ,8.3 ,6.5 ,10.0 ,,,,53.5 ,43.0 ,66.5 
179,Evansville,IN,633,17.2 ,14.3 ,20.7 ,55.6 ,50.1 ,61.8 ,3.9 ,3.5 ,4.4 ,20.9 ,17.6 ,24.8 ,0.7 ,0.4 ,1.0 ,6.2 ,4.5 ,8.5 ,65.5 ,59.5 ,72.1 ,9.3 ,8.5 ,10.2 ,13.6 ,11.0 ,16.8 ,42.4 ,37.6 ,47.8 
180,Fort Wayne,IN,525,15.1 ,12.1 ,18.8 ,58.1 ,51.9 ,65.0 ,3.5 ,3.1 ,4.0 ,22.1 ,18.4 ,26.5 ,0.6 ,0.3 ,0.9 ,7.0 ,5.0 ,9.7 ,72.6 ,65.7 ,80.3 ,10.9 ,10.0 ,11.9 ,11.1 ,8.6 ,14.3 ,58.9 ,52.6 ,66.0 
181,Gary,IN,666,28.2 ,24.4 ,32.6 ,68.3 ,62.2 ,74.9 ,5.3 ,4.9 ,5.8 ,32.8 ,28.7 ,37.5 ,1.6 ,1.4 ,1.9 ,12.1 ,9.7 ,15.0 ,59.3 ,53.7 ,65.5 ,7.7 ,6.9 ,8.6 ,15.5 ,12.7 ,18.9 ,62.9 ,57.2 ,69.1 
183,Indianapolis,IN,"2,301",23.5 ,21.5 ,25.6 ,60.8 ,57.7 ,64.1 ,4.3 ,4.0 ,4.5 ,28.9 ,26.7 ,31.2 ,1.2 ,1.1 ,1.4 ,9.7 ,8.5 ,11.1 ,59.8 ,56.7 ,63.1 ,9.0 ,8.6 ,9.5 ,9.6 ,8.4 ,11.0 ,54.3 ,51.3 ,57.4 
184,Lafayette,IN,186,25.5 ,19.1 ,34.0 ,59.8 ,49.6 ,72.1 ,4.1 ,3.3 ,4.9 ,39.5 ,31.4 ,49.7 ,1.8 ,1.3 ,2.3 ,,,,56.9 ,47.1 ,68.8 ,9.3 ,7.7 ,10.9 ,9.6 ,6.0 ,15.2 ,66.4 ,55.7 ,79.3 
185,Muncie,IN,164,20.5 ,14.7 ,28.6 ,58.0 ,47.6 ,70.8 ,4.1 ,3.2 ,4.9 ,32.1 ,24.6 ,41.9 ,1.7 ,1.2 ,2.3 ,8.2 ,4.8 ,13.8 ,58.7 ,48.0 ,71.7 ,9.6 ,7.9 ,11.3 ,7.3 ,4.1 ,12.8 ,48.9 ,39.1 ,61.0 
186,Munster,IN,363,27.1 ,22.2 ,33.2 ,67.7 ,59.6 ,77.0 ,5.8 ,5.2 ,6.3 ,38.8 ,32.8 ,45.8 ,2.1 ,1.7 ,2.4 ,12.8 ,9.6 ,17.1 ,61.9 ,54.3 ,70.6 ,7.3 ,6.2 ,8.5 ,12.0 ,8.9 ,16.2 ,64.6 ,57.0 ,73.1 
187,South Bend,IN,560,23.2 ,19.6 ,27.6 ,61.1 ,54.9 ,67.9 ,4.2 ,3.7 ,4.7 ,24.9 ,21.1 ,29.4 ,1.1 ,0.8 ,1.4 ,9.4 ,7.2 ,12.4 ,62.3 ,56.1 ,69.2 ,9.2 ,8.2 ,10.1 ,11.0 ,8.5 ,14.1 ,51.0 ,45.4 ,57.4 
188,Terre Haute,IN,193,24.5 ,18.4 ,32.8 ,68.6 ,57.8 ,81.4 ,5.5 ,4.7 ,6.3 ,37.6 ,29.8 ,47.4 ,1.9 ,1.4 ,2.4 ,13.9 ,9.4 ,20.5 ,56.4 ,46.8 ,68.0 ,7.6 ,6.0 ,9.1 ,11.8 ,7.9 ,17.8 ,57.6 ,47.8 ,69.4 
190,Cedar Rapids,IA,189,14.5 ,10.0 ,21.2 ,51.5 ,42.3 ,62.8 ,3.5 ,2.7 ,4.3 ,20.8 ,15.2 ,28.5 ,0.5 ,,1.0 ,,,,82.9 ,70.9 ,96.9 ,14.4 ,12.9 ,16.0 ,11.8 ,7.8 ,17.8 ,51.9 ,42.4 ,63.6 
191,Davenport,IA,503,17.8 ,14.5 ,21.9 ,60.8 ,54.4 ,68.0 ,4.4 ,3.9 ,4.9 ,23.5 ,19.6 ,28.2 ,0.9 ,0.6 ,1.3 ,9.5 ,7.1 ,12.7 ,69.6 ,62.7 ,77.3 ,10.5 ,9.5 ,11.5 ,14.3 ,11.3 ,18.0 ,52.9 ,46.9 ,59.8 
192,Des Moines,IA,923,18.0 ,15.5 ,21.0 ,58.7 ,54.0 ,63.9 ,4.4 ,4.0 ,4.7 ,19.0 ,16.3 ,22.0 ,0.8 ,0.5 ,1.0 ,6.4 ,4.9 ,8.3 ,73.6 ,68.2 ,79.3 ,11.8 ,11.1 ,12.5 ,11.3 ,9.3 ,13.7 ,51.3 ,46.8 ,56.2 
193,Dubuque,IA,94,15.7 ,9.5 ,26.0 ,47.4 ,35.5 ,63.3 ,3.4 ,2.3 ,4.6 ,14.8 ,8.8 ,25.0 ,0.5 ,,1.2 ,,,,78.3 ,62.3 ,98.3 ,12.4 ,10.2 ,14.6 ,11.2 ,6.2 ,20.3 ,38.4 ,27.5 ,53.8 
194,Iowa City,IA,266,14.6 ,10.6 ,20.1 ,51.2 ,43.2 ,60.5 ,3.6 ,2.9 ,4.3 ,18.3 ,13.8 ,24.3 ,0.7 ,0.3 ,1.1 ,5.3 ,3.1 ,9.1 ,74.3 ,64.6 ,85.3 ,13.6 ,12.3 ,14.9 ,9.6 ,6.5 ,14.1 ,39.3 ,32.4 ,47.7 
195,Mason City,IA,167,15.5 ,10.5 ,23.0 ,54.4 ,44.4 ,66.8 ,2.9 ,2.1 ,3.8 ,20.2 ,14.3 ,28.4 ,0.8 ,0.2 ,1.3 ,,,,79.9 ,67.4 ,94.5 ,11.5 ,9.8 ,13.2 ,20.9 ,15.1 ,29.0 ,50.8 ,40.8 ,63.3 
196,Sioux City,IA,225,16.6 ,12.1 ,22.9 ,53.9 ,45.2 ,64.3 ,4.1 ,3.4 ,4.8 ,18.0 ,13.2 ,24.4 ,0.6 ,0.2 ,1.1 ,7.4 ,4.5 ,12.1 ,75.4 ,64.8 ,87.6 ,11.4 ,10.0 ,12.8 ,16.3 ,11.8 ,22.4 ,41.9 ,34.1 ,51.4 
197,Waterloo,IA,182,15.3 ,10.6 ,22.2 ,50.0 ,40.8 ,61.4 ,3.2 ,2.3 ,4.0 ,16.4 ,11.5 ,23.5 ,0.3 ,,0.9 ,6.9 ,3.9 ,12.1 ,74.7 ,63.1 ,88.3 ,14.1 ,12.5 ,15.7 ,8.1 ,4.9 ,13.4 ,54.1 ,44.3 ,66.1 
200,Topeka,KS,371,18.9 ,15.1 ,23.8 ,54.6 ,47.7 ,62.6 ,3.8 ,3.2 ,4.4 ,23.4 ,19.0 ,28.8 ,0.8 ,0.4 ,1.1 ,10.0 ,7.3 ,13.8 ,65.9 ,58.1 ,74.8 ,11.4 ,10.3 ,12.5 ,6.9 ,4.7 ,10.1 ,51.0 ,44.1 ,58.9 
201,Wichita,KS,"1,120",19.5 ,17.1 ,22.3 ,58.0 ,53.7 ,62.6 ,4.3 ,4.0 ,4.7 ,23.1 ,20.4 ,26.1 ,0.8 ,0.6 ,1.0 ,5.2 ,4.0 ,6.8 ,62.5 ,58.0 ,67.3 ,9.1 ,8.5 ,9.8 ,11.6 ,9.8 ,13.8 ,41.4 ,37.7 ,45.4 
203,Covington,KY,305,15.0 ,11.2 ,20.0 ,67.5 ,58.8 ,77.5 ,5.3 ,4.7 ,5.9 ,40.0 ,33.5 ,47.8 ,2.3 ,1.9 ,2.7 ,9.5 ,6.6 ,13.7 ,75.1 ,65.9 ,85.5 ,10.1 ,8.9 ,11.3 ,14.0 ,10.4 ,18.9 ,67.9 ,59.4 ,77.6 
204,Lexington,KY,"1,336",24.2 ,21.7 ,27.0 ,63.3 ,59.1 ,67.7 ,4.9 ,4.6 ,5.2 ,27.8 ,25.1 ,30.8 ,1.2 ,1.1 ,1.4 ,11.1 ,9.4 ,13.0 ,61.8 ,57.7 ,66.2 ,10.0 ,9.4 ,10.6 ,8.5 ,7.1 ,10.2 ,54.0 ,50.2 ,58.0 
205,Louisville,KY,"1,638",26.8 ,24.3 ,29.4 ,62.0 ,58.3 ,66.0 ,4.7 ,4.5 ,5.0 ,32.5 ,29.8 ,35.4 ,1.7 ,1.5 ,1.9 ,11.0 ,9.5 ,12.7 ,53.9 ,50.4 ,57.6 ,8.6 ,8.1 ,9.2 ,7.8 ,6.6 ,9.3 ,58.0 ,54.5 ,61.9 
207,Owensboro,KY,176,23.3 ,17.1 ,31.6 ,59.9 ,49.4 ,72.5 ,4.3 ,3.5 ,5.2 ,23.0 ,17.0 ,31.3 ,1.1 ,0.5 ,1.6 ,6.4 ,3.6 ,11.6 ,56.4 ,46.3 ,68.6 ,8.7 ,7.1 ,10.3 ,6.7 ,3.8 ,11.8 ,47.3 ,38.1 ,58.6 
208,Paducah,KY,488,25.2 ,21.1 ,30.0 ,63.6 ,56.8 ,71.1 ,4.9 ,4.4 ,5.4 ,26.3 ,22.2 ,31.2 ,1.1 ,0.8 ,1.4 ,7.3 ,5.2 ,10.1 ,53.9 ,47.8 ,60.9 ,7.8 ,6.8 ,8.8 ,9.5 ,7.2 ,12.7 ,50.4 ,44.6 ,57.0 
209,Alexandria,LA,275,25.1 ,19.9 ,31.7 ,57.9 ,49.5 ,67.6 ,4.8 ,4.1 ,5.4 ,21.3 ,16.6 ,27.5 ,0.9 ,0.4 ,1.3 ,11.7 ,8.4 ,16.3 ,68.0 ,58.8 ,78.5 ,12.1 ,10.8 ,13.4 ,10.1 ,6.9 ,14.8 ,48.5 ,41.0 ,57.4 
210,Baton Rouge,LA,451,18.3 ,14.8 ,22.6 ,61.5 ,54.7 ,69.2 ,4.5 ,4.0 ,5.0 ,32.1 ,27.4 ,37.7 ,1.6 ,1.3 ,1.9 ,9.4 ,7.1 ,12.5 ,74.0 ,66.3 ,82.5 ,10.9 ,9.9 ,11.9 ,12.0 ,9.1 ,15.8 ,62.9 ,56.0 ,70.7 
212,Houma,LA,213,22.5 ,17.1 ,29.7 ,66.1 ,56.0 ,78.0 ,5.0 ,4.2 ,5.7 ,29.4 ,23.1 ,37.6 ,1.4 ,0.9 ,1.9 ,10.7 ,7.2 ,15.9 ,65.0 ,54.9 ,76.9 ,9.4 ,7.9 ,10.9 ,11.5 ,7.7 ,17.2 ,44.7 ,36.8 ,54.4 
213,Lafayette,LA,603,24.1 ,20.5 ,28.3 ,61.9 ,55.9 ,68.5 ,4.5 ,4.0 ,4.9 ,24.9 ,21.2 ,29.1 ,0.9 ,0.7 ,1.2 ,9.9 ,7.7 ,12.6 ,65.8 ,59.6 ,72.7 ,9.8 ,9.0 ,10.7 ,10.1 ,7.8 ,13.0 ,50.8 ,45.5 ,56.8 
214,Lake Charles,LA,223,18.4 ,13.6 ,24.9 ,66.3 ,56.4 ,78.0 ,5.4 ,4.7 ,6.1 ,18.1 ,13.3 ,24.6 ,0.6 ,0.1 ,1.0 ,8.3 ,5.4 ,12.9 ,71.4 ,61.0 ,83.5 ,10.1 ,8.7 ,11.6 ,12.9 ,8.9 ,18.7 ,54.1 ,45.4 ,64.5 
216,Metairie,LA,287,23.0 ,18.1 ,29.3 ,59.6 ,51.3 ,69.2 ,4.6 ,3.9 ,5.2 ,29.0 ,23.4 ,36.0 ,1.6 ,1.1 ,2.0 ,10.7 ,7.5 ,15.2 ,63.3 ,54.7 ,73.2 ,10.5 ,9.2 ,11.7 ,7.8 ,5.1 ,11.8 ,61.0 ,52.6 ,70.8 
217,Monroe,LA,264,22.6 ,17.7 ,28.9 ,57.4 ,49.0 ,67.3 ,4.9 ,4.2 ,5.6 ,31.5 ,25.6 ,38.9 ,2.1 ,1.7 ,2.5 ,10.2 ,7.2 ,14.5 ,59.0 ,50.3 ,69.2 ,9.7 ,8.3 ,11.0 ,7.0 ,4.4 ,11.2 ,49.6 ,41.9 ,58.7 
218,New Orleans,LA,263,21.5 ,16.6 ,27.7 ,62.0 ,53.2 ,72.2 ,4.6 ,3.9 ,5.3 ,27.3 ,21.7 ,34.3 ,1.0 ,0.5 ,1.4 ,11.8 ,8.5 ,16.4 ,66.9 ,57.6 ,77.8 ,9.5 ,8.2 ,10.8 ,9.5 ,6.3 ,14.3 ,61.3 ,52.5 ,71.5 
219,Shreveport,LA,634,23.4 ,20.0 ,27.4 ,60.5 ,54.8 ,66.9 ,4.5 ,4.1 ,5.0 ,27.3 ,23.6 ,31.6 ,1.1 ,0.9 ,1.4 ,7.1 ,5.4 ,9.4 ,63.0 ,57.0 ,69.7 ,10.4 ,9.5 ,11.2 ,8.6 ,6.6 ,11.3 ,53.3 ,47.9 ,59.2 
220,Slidell,LA,154,16.7 ,11.4 ,24.6 ,64.6 ,53.0 ,78.7 ,4.9 ,4.0 ,5.8 ,30.8 ,23.2 ,40.9 ,1.4 ,0.8 ,1.9 ,10.0 ,6.1 ,16.4 ,75.3 ,62.7 ,90.4 ,11.0 ,9.2 ,12.7 ,11.8 ,7.4 ,18.8 ,64.6 ,53.2 ,78.4 
221,Bangor,ME,441,27.3 ,22.8 ,32.7 ,59.0 ,52.3 ,66.6 ,4.0 ,3.5 ,4.5 ,16.8 ,13.3 ,21.1 ,0.6 ,0.2 ,0.9 ,8.1 ,5.8 ,11.4 ,45.6 ,39.8 ,52.4 ,8.2 ,7.1 ,9.2 ,5.3 ,3.5 ,7.9 ,51.3 ,44.9 ,58.6 
222,Portland,ME,994,22.2 ,19.4 ,25.4 ,54.7 ,50.3 ,59.5 ,3.7 ,3.3 ,4.0 ,16.9 ,14.5 ,19.6 ,0.5 ,0.3 ,0.7 ,5.4 ,4.1 ,7.1 ,66.9 ,62.0 ,72.2 ,10.7 ,10.0 ,11.3 ,9.2 ,7.5 ,11.3 ,54.8 ,50.3 ,59.7 
223,Baltimore,MD,"2,255",22.6 ,20.7 ,24.7 ,65.7 ,62.4 ,69.2 ,5.3 ,5.0 ,5.5 ,29.5 ,27.3 ,31.9 ,1.3 ,1.1 ,1.4 ,12.8 ,11.4 ,14.3 ,65.2 ,61.9 ,68.7 ,9.0 ,8.5 ,9.4 ,12.1 ,10.7 ,13.7 ,66.2 ,62.9 ,69.8 
225,Salisbury,MD,584,18.8 ,15.7 ,22.7 ,57.2 ,51.4 ,63.7 ,4.3 ,3.9 ,4.8 ,24.9 ,21.2 ,29.3 ,1.0 ,0.7 ,1.3 ,8.1 ,6.2 ,10.8 ,68.8 ,62.4 ,76.0 ,10.9 ,10.0 ,11.8 ,9.8 ,7.5 ,12.7 ,65.5 ,59.2 ,72.4 
226,Takoma Park,MD,519,28.8 ,24.5 ,33.8 ,63.5 ,57.0 ,70.8 ,5.8 ,5.3 ,6.3 ,28.5 ,24.3 ,33.5 ,1.3 ,1.0 ,1.6 ,13.1 ,10.4 ,16.6 ,56.8 ,50.6 ,63.7 ,8.6 ,7.7 ,9.6 ,8.4 ,6.2 ,11.4 ,76.8 ,69.6 ,84.8 
227,Boston,MA,"4,188",26.6 ,25.0 ,28.3 ,60.4 ,58.1 ,62.9 ,4.8 ,4.6 ,5.0 ,21.0 ,19.6 ,22.5 ,0.9 ,0.7 ,1.0 ,9.2 ,8.3 ,10.3 ,56.8 ,54.6 ,59.2 ,8.8 ,8.5 ,9.2 ,9.0 ,8.1 ,10.0 ,70.7 ,68.1 ,73.4 
230,Springfield,MA,627,24.0 ,20.4 ,28.2 ,60.8 ,55.0 ,67.3 ,4.5 ,4.0 ,4.9 ,19.5 ,16.3 ,23.3 ,0.6 ,0.3 ,0.9 ,7.3 ,5.4 ,9.9 ,56.6 ,51.0 ,62.8 ,9.0 ,8.2 ,9.9 ,8.6 ,6.6 ,11.3 ,73.1 ,66.6 ,80.3 
231,Worcester,MA,433,23.9 ,19.7 ,29.1 ,59.3 ,52.4 ,67.1 ,4.5 ,4.0 ,5.1 ,22.3 ,18.3 ,27.3 ,0.8 ,0.5 ,1.2 ,9.4 ,6.8 ,12.8 ,55.8 ,49.2 ,63.2 ,9.0 ,7.9 ,10.0 ,8.1 ,5.8 ,11.3 ,70.4 ,62.9 ,78.8 
232,Ann Arbor,MI,"1,020",17.4 ,15.0 ,20.1 ,61.9 ,57.2 ,67.0 ,4.8 ,4.5 ,5.2 ,31.1 ,27.8 ,34.7 ,1.5 ,1.3 ,1.8 ,12.0 ,10.1 ,14.4 ,72.6 ,67.6 ,78.1 ,10.4 ,9.7 ,11.1 ,11.6 ,9.7 ,13.9 ,71.0 ,65.9 ,76.4 
233,Dearborn,MI,485,23.6 ,19.6 ,28.4 ,68.7 ,61.6 ,76.7 ,6.3 ,5.8 ,6.8 ,38.9 ,33.7 ,45.0 ,2.2 ,1.9 ,2.5 ,18.0 ,14.6 ,22.4 ,67.2 ,60.2 ,74.9 ,8.9 ,7.9 ,9.9 ,15.3 ,12.1 ,19.2 ,71.0 ,64.0 ,78.7 
234,Detroit,MI,"1,677",21.0 ,18.9 ,23.4 ,68.3 ,64.3 ,72.5 ,5.5 ,5.2 ,5.8 ,35.3 ,32.5 ,38.3 ,1.7 ,1.6 ,1.9 ,13.7 ,12.0 ,15.5 ,67.9 ,64.0 ,72.1 ,8.4 ,7.9 ,8.9 ,16.6 ,14.7 ,18.9 ,74.4 ,70.4 ,78.6 
235,Flint,MI,503,16.3 ,13.1 ,20.2 ,66.9 ,60.1 ,74.5 ,5.2 ,4.7 ,5.7 ,28.5 ,24.2 ,33.6 ,1.3 ,1.0 ,1.6 ,10.7 ,8.2 ,13.9 ,75.6 ,68.3 ,83.7 ,9.3 ,8.3 ,10.2 ,17.0 ,13.7 ,21.1 ,66.6 ,60.0 ,74.0 
236,Grand Rapids,MI,633,14.8 ,12.1 ,18.1 ,59.3 ,53.7 ,65.6 ,4.1 ,3.6 ,4.5 ,29.9 ,25.9 ,34.5 ,1.2 ,0.9 ,1.5 ,8.8 ,6.7 ,11.4 ,78.9 ,72.3 ,86.2 ,11.9 ,11.0 ,12.7 ,17.4 ,14.4 ,21.0 ,59.5 ,53.7 ,66.0 
238,Kalamazoo,MI,514,18.5 ,15.2 ,22.6 ,55.7 ,49.6 ,62.5 ,3.9 ,3.4 ,4.3 ,16.0 ,12.9 ,19.8 ,0.4 ,0.1 ,0.7 ,7.5 ,5.5 ,10.3 ,64.6 ,58.0 ,71.9 ,10.5 ,9.5 ,11.4 ,10.1 ,7.7 ,13.2 ,53.8 ,47.7 ,60.6 
239,Lansing,MI,492,24.0 ,20.1 ,28.8 ,60.5 ,54.0 ,67.7 ,4.7 ,4.2 ,5.2 ,23.1 ,19.2 ,27.7 ,0.7 ,0.4 ,1.0 ,10.7 ,8.2 ,14.0 ,67.3 ,60.4 ,74.9 ,9.5 ,8.5 ,10.5 ,12.9 ,10.1 ,16.4 ,60.7 ,54.2 ,68.1 
240,Marquette,MI,194,19.3 ,14.0 ,26.5 ,58.7 ,48.9 ,70.5 ,3.8 ,3.0 ,4.6 ,21.2 ,15.7 ,28.7 ,0.4 ,,0.9 ,6.2 ,3.5 ,10.9 ,46.4 ,37.7 ,57.0 ,7.3 ,5.7 ,8.8 ,6.0 ,3.4 ,10.6 ,42.9 ,34.6 ,53.2 
242,Muskegon,MI,191,14.1 ,9.7 ,20.5 ,52.3 ,43.1 ,63.6 ,3.4 ,2.6 ,4.2 ,31.0 ,24.0 ,40.0 ,1.4 ,0.9 ,1.9 ,6.5 ,3.7 ,11.4 ,77.3 ,65.7 ,90.8 ,11.2 ,9.7 ,12.8 ,14.1 ,9.7 ,20.5 ,60.5 ,50.3 ,72.7 
243,Petoskey,MI,174,13.1 ,8.7 ,19.8 ,57.1 ,46.9 ,69.4 ,3.8 ,2.9 ,4.6 ,28.4 ,21.5 ,37.5 ,1.1 ,0.6 ,1.6 ,9.4 ,5.8 ,15.4 ,75.7 ,63.8 ,89.8 ,11.4 ,9.8 ,13.1 ,12.8 ,8.5 ,19.2 ,44.7 ,35.6 ,56.0 
244,Pontiac,MI,373,20.4 ,16.2 ,25.6 ,69.1 ,61.0 ,78.2 ,5.7 ,5.2 ,6.3 ,30.1 ,25.0 ,36.3 ,1.5 ,1.1 ,1.8 ,13.4 ,10.1 ,17.8 ,72.9 ,64.7 ,82.1 ,9.3 ,8.1 ,10.4 ,15.6 ,12.0 ,20.3 ,74.1 ,66.0 ,83.1 
245,Royal Oak,MI,599,19.1 ,15.8 ,23.0 ,73.5 ,66.8 ,80.8 ,6.7 ,6.3 ,7.2 ,45.3 ,40.2 ,51.2 ,2.6 ,2.3 ,2.9 ,15.1 ,12.2 ,18.7 ,73.5 ,66.9 ,80.7 ,8.6 ,7.7 ,9.5 ,21.1 ,17.7 ,25.3 ,79.6 ,72.9 ,87.1 
246,Saginaw,MI,780,17.7 ,14.9 ,20.9 ,60.5 ,55.2 ,66.2 ,4.7 ,4.3 ,5.1 ,25.7 ,22.3 ,29.5 ,0.9 ,0.7 ,1.2 ,10.6 ,8.6 ,13.2 ,71.7 ,66.0 ,78.0 ,10.4 ,9.6 ,11.1 ,15.0 ,12.5 ,18.0 ,59.0 ,53.9 ,64.6 
248,St. Joseph,MI,138,18.1 ,12.2 ,26.8 ,57.2 ,45.9 ,71.3 ,4.0 ,3.0 ,4.9 ,15.2 ,9.9 ,23.3 ,0.4 ,,1.0 ,7.9 ,4.4 ,14.2 ,73.3 ,60.3 ,89.1 ,10.6 ,8.8 ,12.5 ,8.1 ,4.5 ,14.6 ,59.2 ,47.6 ,73.6 
249,Traverse City,MI,258,19.7 ,15.0 ,26.0 ,58.1 ,49.5 ,68.1 ,4.7 ,4.0 ,5.3 ,28.9 ,23.0 ,36.2 ,1.6 ,1.2 ,2.1 ,,,,66.8 ,57.5 ,77.6 ,10.1 ,8.7 ,11.4 ,14.6 ,10.7 ,20.0 ,51.5 ,43.3 ,61.3 
250,Duluth,MN,236,15.2 ,11.0 ,21.1 ,46.8 ,38.9 ,56.2 ,2.8 ,2.1 ,3.6 ,15.1 ,10.9 ,21.0 ,0.6 ,0.1 ,1.1 ,5.7 ,3.3 ,9.9 ,67.2 ,57.6 ,78.5 ,12.4 ,11.0 ,13.8 ,8.6 ,5.6 ,13.2 ,38.5 ,31.1 ,47.6 
251,Minneapolis,MN,"1,323",19.9 ,17.6 ,22.5 ,55.4 ,51.5 ,59.6 ,3.8 ,3.5 ,4.2 ,16.0 ,13.9 ,18.3 ,0.5 ,0.3 ,0.7 ,4.4 ,3.4 ,5.8 ,62.0 ,57.9 ,66.4 ,10.2 ,9.6 ,10.8 ,8.1 ,6.7 ,9.8 ,52.5 ,48.6 ,56.6 
253,Rochester,MN,287,19.3 ,14.8 ,25.2 ,51.5 ,43.9 ,60.6 ,3.4 ,2.7 ,4.0 ,17.8 ,13.5 ,23.5 ,0.5 ,0.1 ,1.0 ,,,,63.3 ,54.8 ,73.2 ,11.6 ,10.3 ,12.9 ,5.8 ,3.6 ,9.4 ,56.3 ,48.2 ,65.8 
254,St. Cloud,MN,121,19.5 ,13.0 ,29.4 ,49.9 ,38.8 ,64.1 ,4.0 ,3.0 ,5.0 ,16.0 ,10.2 ,25.1 ,0.5 ,,1.2 ,,,,67.4 ,54.4 ,83.6 ,11.2 ,9.2 ,13.1 ,12.1 ,7.3 ,20.0 ,49.6 ,38.3 ,64.3 
256,St. Paul,MN,359,20.1 ,15.9 ,25.3 ,57.5 ,50.2 ,65.9 ,3.9 ,3.3 ,4.5 ,22.1 ,17.7 ,27.6 ,0.8 ,0.4 ,1.2 ,5.0 ,3.1 ,8.1 ,65.6 ,57.7 ,74.4 ,11.1 ,9.9 ,12.2 ,7.4 ,5.1 ,10.8 ,61.3 ,53.6 ,70.2 
257,Gulfport,MS,180,22.2 ,16.4 ,30.2 ,62.3 ,51.7 ,75.1 ,4.9 ,4.0 ,5.7 ,34.6 ,27.1 ,44.3 ,2.1 ,1.5 ,2.6 ,12.4 ,8.3 ,18.6 ,67.7 ,56.6 ,80.9 ,11.1 ,9.4 ,12.7 ,13.6 ,9.1 ,20.3 ,49.3 ,40.3 ,60.5 
258,Hattiesburg,MS,284,25.5 ,20.4 ,31.8 ,64.5 ,56.0 ,74.4 ,5.2 ,4.6 ,5.9 ,24.2 ,19.3 ,30.5 ,1.0 ,0.6 ,1.4 ,10.6 ,7.6 ,14.9 ,61.5 ,52.9 ,71.4 ,10.0 ,8.8 ,11.3 ,8.5 ,5.7 ,12.7 ,53.6 ,45.7 ,63.0 
259,Jackson,MS,996,24.0 ,21.2 ,27.2 ,62.4 ,57.6 ,67.5 ,5.5 ,5.1 ,5.8 ,22.6 ,19.9 ,25.8 ,1.1 ,0.9 ,1.3 ,11.5 ,9.6 ,13.7 ,62.5 ,57.7 ,67.7 ,9.4 ,8.7 ,10.0 ,11.9 ,9.8 ,14.3 ,53.9 ,49.5 ,58.8 
260,Meridian,MS,203,28.2 ,21.9 ,36.3 ,57.6 ,48.1 ,68.9 ,4.7 ,4.0 ,5.5 ,16.6 ,11.9 ,23.2 ,0.5 ,0.0 ,1.0 ,6.1 ,3.6 ,10.3 ,60.9 ,51.0 ,72.9 ,11.1 ,9.6 ,12.6 ,,,,33.1 ,26.0 ,42.1 
261,Oxford,MS,158,29.0 ,21.8 ,38.6 ,62.8 ,51.6 ,76.4 ,5.5 ,4.6 ,6.4 ,28.5 ,21.4 ,38.1 ,1.4 ,0.8 ,2.0 ,12.4 ,8.1 ,19.0 ,63.4 ,52.0 ,77.2 ,10.1 ,8.4 ,11.8 ,11.7 ,7.4 ,18.6 ,49.3 ,39.4 ,61.6 
262,Tupelo,MS,326,29.3 ,24.1 ,35.6 ,62.8 ,54.9 ,72.0 ,4.6 ,4.0 ,5.3 ,19.8 ,15.6 ,25.1 ,0.7 ,0.3 ,1.1 ,9.3 ,6.6 ,13.0 ,63.0 ,54.8 ,72.4 ,11.0 ,9.8 ,12.2 ,5.6 ,3.5 ,8.9 ,45.4 ,38.6 ,53.5 
263,Cape Girardeau,MO,331,22.4 ,17.9 ,28.1 ,61.1 ,53.2 ,70.1 ,4.8 ,4.1 ,5.4 ,32.9 ,27.2 ,39.6 ,1.7 ,1.3 ,2.1 ,8.4 ,5.8 ,12.1 ,64.2 ,56.1 ,73.5 ,10.1 ,8.9 ,11.3 ,9.3 ,6.6 ,13.3 ,45.5 ,38.8 ,53.4 
264,Columbia,MO,666,24.6 ,21.1 ,28.7 ,57.1 ,51.6 ,63.1 ,4.3 ,3.8 ,4.7 ,30.2 ,26.3 ,34.7 ,1.4 ,1.1 ,1.6 ,10.3 ,8.0 ,13.1 ,59.0 ,53.4 ,65.1 ,9.6 ,8.8 ,10.5 ,8.2 ,6.3 ,10.6 ,41.1 ,36.5 ,46.3 
267,Joplin,MO,362,31.2 ,26.0 ,37.5 ,62.0 ,54.4 ,70.6 ,4.4 ,3.8 ,5.0 ,24.7 ,20.1 ,30.4 ,0.8 ,0.5 ,1.2 ,10.7 ,7.8 ,14.7 ,57.3 ,49.9 ,65.6 ,9.9 ,8.7 ,11.0 ,5.7 ,3.7 ,8.7 ,44.4 ,38.1 ,51.9 
268,Kansas City,MO,"1,766",20.2 ,18.2 ,22.5 ,60.9 ,57.4 ,64.7 ,4.4 ,4.1 ,4.6 ,33.8 ,31.1 ,36.6 ,1.6 ,1.4 ,1.8 ,6.8 ,5.6 ,8.1 ,70.8 ,66.9 ,74.8 ,11.1 ,10.6 ,11.7 ,9.9 ,8.6 ,11.5 ,58.1 ,54.5 ,61.8 
270,Springfield,MO,718,20.5 ,17.5 ,24.1 ,58.4 ,53.0 ,64.2 ,4.2 ,3.8 ,4.6 ,23.3 ,20.0 ,27.1 ,0.8 ,0.6 ,1.1 ,7.9 ,6.1 ,10.3 ,65.3 ,59.7 ,71.6 ,10.4 ,9.6 ,11.2 ,8.1 ,6.3 ,10.4 ,44.7 ,40.0 ,49.9 
273,St. Louis,MO,"2,741",24.0 ,22.2 ,25.9 ,64.6 ,61.6 ,67.8 ,4.8 ,4.6 ,5.1 ,33.1 ,31.0 ,35.3 ,1.5 ,1.3 ,1.6 ,10.2 ,9.1 ,11.5 ,63.1 ,60.1 ,66.2 ,9.0 ,8.6 ,9.4 ,11.6 ,10.4 ,13.0 ,57.1 ,54.3 ,60.1 
274,Billings,MT,418,20.0 ,16.1 ,24.8 ,54.1 ,47.5 ,61.6 ,3.7 ,3.1 ,4.2 ,17.6 ,14.0 ,22.1 ,0.7 ,0.3 ,1.0 ,3.8 ,2.3 ,6.3 ,57.4 ,50.6 ,65.1 ,9.9 ,8.8 ,10.9 ,7.7 ,5.5 ,10.8 ,36.6 ,31.1 ,43.0 
275,Great Falls,MT,128,22.3 ,15.4 ,32.3 ,61.4 ,49.2 ,76.5 ,4.5 ,3.5 ,5.4 ,26.2 ,18.6 ,36.8 ,0.9 ,0.3 ,1.5 ,10.2 ,5.8 ,17.9 ,53.2 ,42.1 ,67.4 ,8.7 ,6.8 ,10.6 ,,,,41.4 ,31.5 ,54.5 
276,Missoula,MT,302,20.1 ,15.7 ,25.8 ,53.9 ,46.3 ,62.8 ,3.7 ,3.1 ,4.4 ,28.7 ,23.3 ,35.4 ,1.0 ,0.6 ,1.4 ,6.0 ,3.8 ,9.6 ,62.3 ,54.0 ,71.9 ,10.0 ,8.7 ,11.2 ,10.2 ,7.2 ,14.5 ,34.0 ,27.9 ,41.4 
277,Lincoln,NE,533,22.3 ,18.6 ,26.8 ,56.6 ,50.5 ,63.3 ,3.8 ,3.3 ,4.2 ,19.6 ,16.1 ,23.8 ,0.8 ,0.5 ,1.1 ,6.6 ,4.7 ,9.3 ,58.2 ,52.1 ,65.0 ,9.0 ,8.1 ,10.0 ,7.5 ,5.5 ,10.2 ,51.8 ,45.9 ,58.4 
278,Omaha,NE,"1,078",20.9 ,18.3 ,23.8 ,61.0 ,56.5 ,65.9 ,4.3 ,4.0 ,4.7 ,29.4 ,26.3 ,32.9 ,1.4 ,1.1 ,1.6 ,8.2 ,6.6 ,10.1 ,60.6 ,56.1 ,65.5 ,8.7 ,8.0 ,9.4 ,12.2 ,10.3 ,14.4 ,55.0 ,50.7 ,59.7 
279,Las Vegas,NV,"1,081",23.6 ,20.8 ,26.6 ,66.6 ,61.9 ,71.6 ,5.5 ,5.1 ,5.8 ,42.8 ,39.1 ,46.9 ,2.6 ,2.4 ,2.8 ,17.8 ,15.5 ,20.5 ,64.5 ,59.9 ,69.6 ,8.6 ,8.0 ,9.3 ,14.7 ,12.6 ,17.2 ,68.4 ,63.6 ,73.5 
280,Reno,NV,504,27.6 ,23.4 ,32.5 ,60.1 ,53.8 ,67.3 ,4.3 ,3.8 ,4.8 ,33.0 ,28.4 ,38.4 ,1.6 ,1.3 ,1.9 ,8.0 ,5.9 ,10.8 ,46.4 ,40.8 ,52.8 ,7.6 ,6.7 ,8.6 ,5.4 ,3.7 ,7.8 ,55.6 ,49.4 ,62.6 
281,Lebanon,NH,403,25.8 ,21.3 ,31.3 ,56.6 ,49.8 ,64.3 ,3.9 ,3.4 ,4.5 ,21.2 ,17.2 ,26.3 ,0.7 ,0.3 ,1.0 ,6.4 ,4.3 ,9.5 ,46.4 ,40.3 ,53.6 ,8.5 ,7.4 ,9.5 ,5.5 ,3.7 ,8.3 ,47.0 ,40.6 ,54.5 
282,Manchester,NH,797,22.1 ,19.0 ,25.6 ,58.6 ,53.5 ,64.1 ,4.2 ,3.8 ,4.6 ,18.1 ,15.4 ,21.4 ,0.7 ,0.5 ,1.0 ,5.8 ,4.3 ,7.8 ,61.0 ,55.9 ,66.7 ,9.4 ,8.6 ,10.1 ,10.5 ,8.5 ,13.0 ,63.5 ,58.1 ,69.4 
283,Camden,NJ,"3,252",23.5 ,21.8 ,25.2 ,66.5 ,63.6 ,69.4 ,5.8 ,5.6 ,6.0 ,42.3 ,40.0 ,44.7 ,2.6 ,2.4 ,2.7 ,13.9 ,12.7 ,15.4 ,66.4 ,63.6 ,69.3 ,8.8 ,8.4 ,9.2 ,16.2 ,14.9 ,17.7 ,78.2 ,75.2 ,81.4 
284,Hackensack,NJ,"1,163",31.9 ,28.8 ,35.4 ,65.3 ,60.8 ,70.2 ,5.8 ,5.5 ,6.1 ,26.3 ,23.5 ,29.5 ,1.2 ,1.0 ,1.4 ,14.3 ,12.2 ,16.7 ,52.2 ,48.2 ,56.6 ,7.4 ,6.8 ,8.1 ,8.8 ,7.2 ,10.7 ,74.0 ,69.2 ,79.2 
285,Morristown,NJ,904,28.0 ,24.7 ,31.8 ,65.0 ,59.9 ,70.5 ,5.3 ,4.9 ,5.7 ,34.8 ,31.1 ,39.0 ,1.6 ,1.4 ,1.8 ,11.3 ,9.2 ,13.8 ,56.0 ,51.3 ,61.1 ,7.9 ,7.2 ,8.6 ,12.2 ,10.1 ,14.7 ,76.9 ,71.3 ,82.9 
288,New Brunswick,NJ,886,31.1 ,27.5 ,35.1 ,68.1 ,62.8 ,73.9 ,6.0 ,5.6 ,6.4 ,40.8 ,36.7 ,45.4 ,2.5 ,2.2 ,2.7 ,13.8 ,11.5 ,16.6 ,54.1 ,49.5 ,59.2 ,7.8 ,7.0 ,8.5 ,10.3 ,8.3 ,12.7 ,78.8 ,73.2 ,84.8 
289,Newark,NJ,"1,097",33.0 ,29.7 ,36.7 ,68.4 ,63.6 ,73.6 ,6.2 ,5.8 ,6.5 ,41.6 ,37.9 ,45.7 ,2.5 ,2.3 ,2.7 ,17.3 ,15.0 ,20.0 ,50.7 ,46.7 ,55.2 ,7.2 ,6.5 ,7.8 ,10.4 ,8.6 ,12.6 ,73.6 ,68.7 ,78.8 
291,Paterson,NJ,313,28.9 ,23.5 ,35.6 ,62.7 ,54.5 ,72.2 ,5.7 ,5.1 ,6.3 ,29.5 ,24.0 ,36.2 ,1.5 ,1.1 ,1.9 ,12.1 ,8.8 ,16.8 ,58.3 ,50.4 ,67.4 ,7.6 ,6.4 ,8.9 ,13.3 ,9.8 ,18.0 ,71.8 ,63.0 ,81.9 
292,Ridgewood,NJ,415,38.4 ,32.8 ,45.1 ,65.1 ,57.7 ,73.4 ,5.8 ,5.2 ,6.3 ,25.6 ,21.1 ,31.1 ,1.3 ,0.9 ,1.6 ,16.5 ,12.9 ,21.2 ,45.3 ,39.3 ,52.2 ,6.4 ,5.3 ,7.4 ,7.6 ,5.3 ,10.7 ,79.5 ,71.3 ,88.6 
293,Albuquerque,NM,802,20.5 ,17.6 ,23.9 ,59.5 ,54.4 ,65.1 ,4.2 ,3.8 ,4.6 ,24.6 ,21.4 ,28.3 ,1.0 ,0.8 ,1.3 ,8.2 ,6.4 ,10.5 ,62.3 ,57.1 ,68.0 ,9.4 ,8.6 ,10.2 ,12.3 ,10.1 ,14.9 ,49.4 ,44.7 ,54.7 
295,Albany,NY,"1,585",28.9 ,26.3 ,31.7 ,61.7 ,57.9 ,65.7 ,5.4 ,5.1 ,5.7 ,19.4 ,17.3 ,21.7 ,0.8 ,0.6 ,0.9 ,7.1 ,5.9 ,8.6 ,54.3 ,50.8 ,58.0 ,8.3 ,7.7 ,8.8 ,8.9 ,7.6 ,10.5 ,71.0 ,66.9 ,75.3 
296,Binghamton,NY,380,31.8 ,26.5 ,38.0 ,63.4 ,55.8 ,71.9 ,5.4 ,4.8 ,6.0 ,19.1 ,15.2 ,24.1 ,0.8 ,0.4 ,1.2 ,8.4 ,5.9 ,12.0 ,54.0 ,47.1 ,61.9 ,8.2 ,7.0 ,9.3 ,9.3 ,6.7 ,12.9 ,64.4 ,56.8 ,73.1 
297,Bronx,NY,549,32.8 ,28.4 ,38.0 ,63.8 ,57.4 ,70.9 ,6.2 ,5.7 ,6.7 ,21.3 ,17.7 ,25.5 ,1.2 ,0.9 ,1.5 ,15.0 ,12.2 ,18.5 ,34.0 ,29.4 ,39.3 ,6.0 ,5.1 ,7.0 ,4.8 ,3.2 ,7.1 ,70.4 ,63.8 ,77.7 
299,Buffalo,NY,751,31.7 ,27.8 ,36.1 ,59.5 ,54.2 ,65.4 ,5.0 ,4.6 ,5.4 ,22.0 ,18.8 ,25.7 ,0.9 ,0.6 ,1.1 ,10.3 ,8.2 ,13.0 ,49.3 ,44.5 ,54.6 ,7.8 ,7.0 ,8.6 ,7.0 ,5.3 ,9.2 ,66.1 ,60.5 ,72.2 
300,Elmira,NY,349,30.7 ,25.3 ,37.3 ,63.1 ,55.2 ,72.1 ,5.9 ,5.3 ,6.5 ,20.1 ,15.8 ,25.5 ,0.9 ,0.5 ,1.3 ,7.0 ,4.6 ,10.6 ,45.2 ,38.7 ,52.8 ,7.1 ,5.9 ,8.2 ,8.3 ,5.8 ,12.0 ,66.3 ,58.3 ,75.5 
301,East Long Island,NY,"3,814",33.4 ,31.5 ,35.4 ,67.9 ,65.3 ,70.7 ,6.5 ,6.3 ,6.6 ,23.4 ,21.8 ,25.0 ,1.1 ,1.0 ,1.2 ,14.1 ,12.9 ,15.4 ,52.0 ,49.8 ,54.4 ,7.2 ,6.8 ,7.5 ,10.1 ,9.1 ,11.1 ,79.5 ,76.7 ,82.5 
303,Manhattan,NY,"2,923",38.3 ,36.0 ,40.7 ,66.5 ,63.5 ,69.6 ,6.5 ,6.2 ,6.7 ,20.4 ,18.8 ,22.2 ,0.9 ,0.8 ,1.1 ,16.7 ,15.2 ,18.3 ,41.7 ,39.4 ,44.2 ,6.2 ,5.8 ,6.6 ,6.6 ,5.7 ,7.7 ,72.6 ,69.5 ,75.8 
304,Rochester,NY,569,19.2 ,15.9 ,23.2 ,57.9 ,51.9 ,64.5 ,4.6 ,4.1 ,5.0 ,18.6 ,15.3 ,22.5 ,0.7 ,0.4 ,1.0 ,7.7 ,5.7 ,10.5 ,64.9 ,58.6 ,71.9 ,8.8 ,7.9 ,9.7 ,16.1 ,13.1 ,19.8 ,55.7 ,49.7 ,62.3 
307,Syracuse,NY,930,34.3 ,30.7 ,38.4 ,58.5 ,53.7 ,63.6 ,5.3 ,4.9 ,5.7 ,20.3 ,17.5 ,23.4 ,0.7 ,0.5 ,0.9 ,7.7 ,6.0 ,9.8 ,45.1 ,41.0 ,49.6 ,7.7 ,6.9 ,8.4 ,5.3 ,4.0 ,7.0 ,61.4 ,56.5 ,66.7 
308,White Plains,NY,994,30.6 ,27.3 ,34.4 ,65.1 ,60.2 ,70.4 ,5.8 ,5.5 ,6.2 ,26.1 ,23.0 ,29.6 ,1.2 ,0.9 ,1.4 ,10.5 ,8.6 ,12.8 ,40.4 ,36.6 ,44.5 ,6.0 ,5.3 ,6.7 ,7.0 ,5.5 ,8.9 ,78.5 ,73.1 ,84.2 
309,Asheville,NC,587,15.6 ,12.7 ,19.2 ,55.8 ,50.1 ,62.1 ,3.6 ,3.1 ,4.0 ,23.2 ,19.6 ,27.5 ,1.0 ,0.7 ,1.3 ,4.9 ,3.4 ,7.1 ,71.2 ,64.7 ,78.4 ,11.5 ,10.6 ,12.4 ,9.3 ,7.2 ,12.1 ,56.6 ,50.7 ,63.2 
311,Charlotte,NC,"1,680",18.9 ,17.0 ,21.1 ,57.9 ,54.4 ,61.7 ,4.3 ,4.0 ,4.6 ,30.0 ,27.5 ,32.7 ,1.4 ,1.2 ,1.6 ,9.0 ,7.7 ,10.5 ,70.3 ,66.3 ,74.5 ,11.3 ,10.7 ,11.8 ,10.4 ,8.9 ,12.1 ,64.8 ,61.0 ,68.8 
312,Durham,NC,"1,075",23.2 ,20.5 ,26.2 ,60.7 ,56.3 ,65.6 ,4.7 ,4.3 ,5.0 ,28.7 ,25.7 ,32.0 ,1.2 ,1.0 ,1.4 ,10.2 ,8.5 ,12.2 ,63.7 ,59.0 ,68.7 ,10.8 ,10.1 ,11.4 ,8.3 ,6.7 ,10.3 ,63.2 ,58.5 ,68.2 
313,Greensboro,NC,353,23.3 ,18.8 ,28.9 ,55.3 ,48.1 ,63.7 ,4.1 ,3.5 ,4.6 ,23.5 ,18.9 ,29.2 ,0.7 ,0.3 ,1.1 ,6.3 ,4.2 ,9.4 ,65.4 ,57.5 ,74.5 ,11.7 ,10.5 ,12.8 ,7.3 ,4.9 ,10.8 ,60.7 ,53.1 ,69.4 
314,Greenville,NC,843,29.9 ,26.5 ,33.7 ,65.4 ,60.2 ,71.1 ,5.1 ,4.7 ,5.5 ,29.1 ,25.7 ,32.9 ,1.2 ,1.0 ,1.4 ,7.6 ,6.0 ,9.6 ,55.6 ,50.7 ,61.0 ,8.9 ,8.2 ,9.6 ,7.5 ,5.8 ,9.7 ,56.5 ,51.7 ,61.9 
315,Hickory,NC,236,17.2 ,12.7 ,23.2 ,58.1 ,49.3 ,68.5 ,4.3 ,3.6 ,5.0 ,23.0 ,17.7 ,29.8 ,0.8 ,0.4 ,1.3 ,6.4 ,3.9 ,10.4 ,76.1 ,65.6 ,88.2 ,12.3 ,10.9 ,13.7 ,12.7 ,8.9 ,18.0 ,51.2 ,42.8 ,61.4 
318,Raleigh,NC,"1,417",28.0 ,25.4 ,30.9 ,63.1 ,59.1 ,67.4 ,5.0 ,4.7 ,5.3 ,31.6 ,28.8 ,34.6 ,1.6 ,1.4 ,1.8 ,9.4 ,8.0 ,11.1 ,61.7 ,57.7 ,66.0 ,9.5 ,8.9 ,10.1 ,9.7 ,8.1 ,11.5 ,63.2 ,59.2 ,67.5 
319,Wilmington,NC,462,19.8 ,16.2 ,24.2 ,56.9 ,50.4 ,64.1 ,4.3 ,3.8 ,4.8 ,20.9 ,17.2 ,25.4 ,0.8 ,0.4 ,1.1 ,7.9 ,5.8 ,10.8 ,70.5 ,63.2 ,78.7 ,12.8 ,11.8 ,13.9 ,7.7 ,5.5 ,10.7 ,66.0 ,58.9 ,73.8 
320,Winston-Salem,NC,727,21.8 ,18.6 ,25.4 ,53.7 ,48.6 ,59.3 ,4.6 ,4.2 ,5.0 ,23.7 ,20.4 ,27.5 ,1.0 ,0.8 ,1.3 ,8.9 ,7.0 ,11.3 ,67.6 ,61.8 ,73.9 ,11.9 ,11.1 ,12.7 ,7.6 ,5.8 ,9.9 ,54.4 ,49.3 ,60.1 
321,Bismarck,ND,224,27.7 ,21.6 ,35.6 ,60.7 ,51.3 ,71.9 ,4.8 ,4.0 ,5.5 ,12.5 ,8.6 ,18.2 ,0.4 ,,0.9 ,8.8 ,5.6 ,13.8 ,41.2 ,33.6 ,50.5 ,6.7 ,5.3 ,8.1 ,6.6 ,4.0 ,10.9 ,56.6 ,47.6 ,67.5 
322,Fargo/Moorhead MN,ND,346,31.1 ,25.7 ,37.7 ,55.6 ,48.3 ,64.0 ,4.1 ,3.5 ,4.7 ,16.0 ,12.3 ,20.9 ,0.6 ,0.2 ,0.9 ,5.0 ,3.0 ,8.1 ,49.7 ,42.9 ,57.7 ,9.4 ,8.2 ,10.6 ,4.5 ,2.8 ,7.3 ,46.2 ,39.5 ,54.2 
323,Grand Forks,ND,127,20.6 ,14.0 ,30.2 ,54.0 ,42.7 ,68.4 ,4.2 ,3.3 ,5.2 ,10.2 ,5.9 ,17.6 ,0.3 ,,0.9 ,,,,51.7 ,40.6 ,65.8 ,9.4 ,7.5 ,11.3 ,,,,51.1 ,40.0 ,65.3 
324,Minot,ND,114,33.2 ,24.3 ,45.5 ,66.6 ,53.4 ,83.0 ,4.1 ,3.0 ,5.1 ,18.8 ,12.4 ,28.6 ,0.4 ,,1.1 ,,,,34.4 ,25.1 ,47.1 ,4.4 ,2.4 ,6.5 ,10.0 ,5.7 ,17.7 ,34.0 ,24.5 ,47.1 
325,Akron,OH,389,20.7 ,16.6 ,25.7 ,61.4 ,54.0 ,69.8 ,5.0 ,4.5 ,5.6 ,32.6 ,27.4 ,38.8 ,1.6 ,1.2 ,1.9 ,9.5 ,6.9 ,13.1 ,69.4 ,61.5 ,78.2 ,11.2 ,10.1 ,12.3 ,9.4 ,6.8 ,13.0 ,68.8 ,61.1 ,77.5 
326,Canton,OH,377,18.7 ,14.8 ,23.6 ,59.5 ,52.2 ,67.9 ,4.4 ,3.8 ,5.0 ,35.0 ,29.6 ,41.6 ,1.8 ,1.4 ,2.2 ,8.8 ,6.2 ,12.3 ,67.9 ,60.0 ,76.7 ,10.1 ,9.0 ,11.3 ,13.5 ,10.2 ,17.7 ,57.2 ,50.1 ,65.3 
327,Cincinnati,OH,991,13.3 ,11.2 ,15.8 ,59.7 ,55.0 ,64.8 ,4.2 ,3.9 ,4.6 ,25.8 ,22.8 ,29.1 ,1.2 ,1.0 ,1.4 ,9.5 ,7.7 ,11.7 ,78.0 ,72.7 ,83.8 ,11.3 ,10.6 ,12.0 ,15.4 ,13.1 ,18.1 ,59.7 ,55.0 ,64.7 
328,Cleveland,OH,"1,654",16.8 ,14.9 ,19.0 ,61.5 ,57.7 ,65.4 ,4.6 ,4.4 ,4.9 ,32.2 ,29.6 ,35.1 ,1.5 ,1.4 ,1.7 ,10.6 ,9.1 ,12.3 ,72.8 ,68.8 ,77.1 ,10.6 ,10.0 ,11.1 ,13.8 ,12.1 ,15.8 ,67.4 ,63.5 ,71.5 
329,Columbus,OH,"1,825",18.1 ,16.2 ,20.2 ,60.1 ,56.6 ,63.8 ,4.1 ,3.9 ,4.4 ,28.5 ,26.1 ,31.0 ,1.2 ,1.0 ,1.3 ,10.9 ,9.5 ,12.6 ,68.2 ,64.5 ,72.2 ,10.2 ,9.7 ,10.7 ,11.8 ,10.4 ,13.5 ,60.1 ,56.6 ,63.8 
330,Dayton,OH,765,17.5 ,14.8 ,20.8 ,60.2 ,54.9 ,66.0 ,4.7 ,4.3 ,5.1 ,32.1 ,28.3 ,36.4 ,1.7 ,1.5 ,2.0 ,12.8 ,10.5 ,15.7 ,69.7 ,64.0 ,75.9 ,9.8 ,9.0 ,10.6 ,14.4 ,11.9 ,17.4 ,62.0 ,56.6 ,67.8 
331,Elyria,OH,223,20.2 ,15.0 ,27.1 ,66.8 ,56.7 ,78.6 ,5.2 ,4.5 ,6.0 ,40.1 ,32.5 ,49.4 ,2.2 ,1.7 ,2.7 ,13.6 ,9.5 ,19.5 ,65.9 ,56.1 ,77.5 ,9.8 ,8.4 ,11.3 ,13.1 ,9.1 ,18.9 ,69.9 ,59.9 ,81.6 
332,Kettering,OH,269,15.2 ,11.2 ,20.6 ,54.2 ,46.0 ,63.8 ,4.2 ,3.5 ,4.8 ,25.5 ,20.1 ,32.3 ,1.2 ,0.8 ,1.7 ,9.9 ,6.8 ,14.6 ,76.6 ,66.8 ,87.8 ,12.2 ,10.9 ,13.5 ,12.2 ,8.7 ,17.2 ,63.1 ,54.4 ,73.3 
334,Toledo,OH,726,17.3 ,14.5 ,20.6 ,58.2 ,52.8 ,64.1 ,4.1 ,3.7 ,4.5 ,30.3 ,26.6 ,34.6 ,1.7 ,1.5 ,2.0 ,9.5 ,7.5 ,12.1 ,73.5 ,67.5 ,80.0 ,11.5 ,10.7 ,12.3 ,11.1 ,8.9 ,13.9 ,62.5 ,57.1 ,68.5 
335,Youngstown,OH,532,21.3 ,17.7 ,25.7 ,65.7 ,59.1 ,73.1 ,5.1 ,4.6 ,5.5 ,41.7 ,36.5 ,47.7 ,2.2 ,1.9 ,2.5 ,13.2 ,10.4 ,16.8 ,65.2 ,58.7 ,72.5 ,9.2 ,8.3 ,10.1 ,13.5 ,10.7 ,17.1 ,61.7 ,55.3 ,68.7 
336,Lawton,OK,223,23.6 ,18.0 ,30.9 ,59.8 ,50.4 ,71.0 ,4.5 ,3.8 ,5.2 ,24.9 ,19.2 ,32.4 ,0.8 ,0.3 ,1.2 ,12.0 ,8.2 ,17.5 ,58.9 ,49.6 ,70.0 ,10.3 ,8.9 ,11.8 ,8.6 ,5.5 ,13.4 ,34.9 ,28.1 ,43.4 
339,Oklahoma City,OK,"1,505",24.9 ,22.5 ,27.6 ,59.6 ,55.8 ,63.7 ,4.4 ,4.1 ,4.7 ,25.5 ,23.1 ,28.2 ,1.1 ,0.9 ,1.3 ,7.1 ,5.9 ,8.6 ,63.7 ,59.8 ,67.9 ,10.3 ,9.7 ,10.8 ,10.3 ,8.8 ,12.1 ,41.1 ,38.0 ,44.5 
340,Tulsa,OK,"1,085",23.3 ,20.6 ,26.3 ,63.3 ,58.7 ,68.2 ,4.8 ,4.4 ,5.1 ,31.2 ,28.1 ,34.7 ,1.4 ,1.2 ,1.7 ,10.5 ,8.8 ,12.6 ,66.1 ,61.4 ,71.1 ,10.2 ,9.6 ,10.9 ,11.1 ,9.3 ,13.2 ,52.7 ,48.5 ,57.3 
341,Bend,OR,134,14.8 ,9.6 ,23.0 ,43.1 ,33.3 ,55.7 ,2.3 ,1.4 ,3.3 ,17.8 ,11.9 ,26.6 ,0.5 ,,1.1 ,,,,79.4 ,65.7 ,96.0 ,14.7 ,12.8 ,16.6 ,,,,44.9 ,34.8 ,58.0 
342,Eugene,OR,483,20.2 ,16.6 ,24.6 ,54.0 ,47.9 ,60.8 ,3.4 ,2.9 ,3.9 ,26.7 ,22.5 ,31.7 ,1.0 ,0.7 ,1.3 ,3.2 ,1.9 ,5.3 ,64.1 ,57.3 ,71.6 ,10.6 ,9.7 ,11.6 ,7.8 ,5.7 ,10.7 ,39.1 ,33.8 ,45.3 
343,Medford,OR,418,21.5 ,17.5 ,26.4 ,55.7 ,49.1 ,63.3 ,3.3 ,2.8 ,3.9 ,19.9 ,16.1 ,24.6 ,0.6 ,0.3 ,1.0 ,7.5 ,5.3 ,10.7 ,62.5 ,55.4 ,70.6 ,10.3 ,9.3 ,11.4 ,10.5 ,7.9 ,14.0 ,39.1 ,33.4 ,45.8 
344,Portland,OR,"1,006",20.6 ,18.0 ,23.6 ,58.6 ,54.0 ,63.5 ,3.6 ,3.2 ,3.9 ,19.2 ,16.7 ,22.1 ,0.6 ,0.4 ,0.8 ,5.4 ,4.1 ,7.1 ,67.5 ,62.6 ,72.8 ,11.1 ,10.4 ,11.8 ,9.8 ,8.0 ,11.9 ,46.2 ,42.1 ,50.8 
345,Salem,OR,113,16.6 ,10.6 ,26.1 ,57.0 ,44.7 ,72.7 ,3.9 ,2.9 ,5.0 ,29.8 ,21.3 ,41.8 ,1.5 ,0.8 ,2.2 ,11.6 ,6.7 ,20.0 ,72.5 ,58.4 ,90.0 ,11.1 ,9.1 ,13.1 ,13.9 ,8.5 ,22.7 ,54.5 ,42.3 ,70.3 
346,Allentown,PA,"1,163",19.9 ,17.5 ,22.8 ,62.0 ,57.5 ,66.7 ,4.8 ,4.5 ,5.2 ,35.2 ,31.8 ,38.8 ,1.7 ,1.5 ,1.9 ,9.9 ,8.2 ,12.0 ,61.0 ,56.7 ,65.7 ,8.8 ,8.1 ,9.4 ,13.1 ,11.1 ,15.3 ,75.7 ,70.9 ,81.0 
347,Altoona,PA,178,21.1 ,15.4 ,29.0 ,58.2 ,48.0 ,70.5 ,4.3 ,3.5 ,5.2 ,24.6 ,18.3 ,33.0 ,1.0 ,0.5 ,1.5 ,7.4 ,4.3 ,12.8 ,60.7 ,50.3 ,73.3 ,9.8 ,8.2 ,11.4 ,10.4 ,6.7 ,16.4 ,56.9 ,46.9 ,69.1 
350,Danville,PA,397,21.1 ,17.0 ,26.2 ,56.1 ,49.2 ,64.0 ,4.2 ,3.7 ,4.8 ,26.6 ,22.0 ,32.3 ,1.1 ,0.7 ,1.4 ,5.1 ,3.2 ,7.9 ,59.6 ,52.5 ,67.7 ,10.2 ,9.1 ,11.3 ,7.5 ,5.2 ,10.7 ,63.5 ,56.0 ,72.0 
351,Erie,PA,607,23.1 ,19.5 ,27.3 ,60.3 ,54.4 ,66.8 ,4.3 ,3.9 ,4.8 ,26.1 ,22.4 ,30.6 ,1.0 ,0.7 ,1.3 ,8.3 ,6.3 ,11.0 ,56.0 ,50.4 ,62.3 ,8.6 ,7.7 ,9.5 ,8.1 ,6.1 ,10.7 ,54.2 ,48.6 ,60.4 
352,Harrisburg,PA,712,19.8 ,16.7 ,23.5 ,61.9 ,56.3 ,67.9 ,4.8 ,4.4 ,5.2 ,30.5 ,26.7 ,35.0 ,1.2 ,0.9 ,1.4 ,8.9 ,6.9 ,11.5 ,62.1 ,56.6 ,68.2 ,9.4 ,8.6 ,10.3 ,11.4 ,9.1 ,14.1 ,70.5 ,64.5 ,77.1 
354,Johnstown,PA,105,26.1 ,17.7 ,38.7 ,64.3 ,50.4 ,82.0 ,5.2 ,4.1 ,6.3 ,19.4 ,12.4 ,30.4 ,1.0 ,0.3 ,1.7 ,,,,59.5 ,46.6 ,75.9 ,9.7 ,7.6 ,11.8 ,10.7 ,5.9 ,19.3 ,61.4 ,47.9 ,78.6 
355,Lancaster,PA,491,16.8 ,13.5 ,20.9 ,53.9 ,47.7 ,60.9 ,4.0 ,3.5 ,4.5 ,24.0 ,20.0 ,28.8 ,1.0 ,0.7 ,1.3 ,7.3 ,5.2 ,10.3 ,71.1 ,64.0 ,78.9 ,11.7 ,10.8 ,12.7 ,10.0 ,7.5 ,13.2 ,71.4 ,64.3 ,79.3 
356,Philadelphia,PA,"2,879",21.3 ,19.6 ,23.0 ,64.4 ,61.5 ,67.5 ,5.2 ,5.0 ,5.4 ,43.9 ,41.5 ,46.5 ,2.4 ,2.2 ,2.5 ,13.4 ,12.0 ,14.8 ,67.3 ,64.3 ,70.4 ,9.1 ,8.7 ,9.5 ,15.1 ,13.7 ,16.7 ,75.8 ,72.6 ,79.1 
357,Pittsburgh,PA,"1,744",21.8 ,19.7 ,24.1 ,66.0 ,62.2 ,70.0 ,5.1 ,4.8 ,5.3 ,28.7 ,26.2 ,31.4 ,1.3 ,1.1 ,1.5 ,10.5 ,9.0 ,12.2 ,62.1 ,58.4 ,65.9 ,8.2 ,7.7 ,8.8 ,12.8 ,11.2 ,14.6 ,66.6 ,62.8 ,70.6 
358,Reading,PA,513,26.2 ,22.0 ,31.2 ,62.9 ,56.3 ,70.3 ,4.5 ,4.1 ,5.0 ,27.0 ,22.8 ,32.1 ,0.9 ,0.6 ,1.3 ,8.3 ,6.0 ,11.4 ,54.3 ,48.3 ,61.0 ,7.7 ,6.8 ,8.7 ,10.2 ,7.8 ,13.4 ,72.7 ,65.7 ,80.5 
359,Sayre,PA,181,28.8 ,21.9 ,37.8 ,60.6 ,50.2 ,73.0 ,5.2 ,4.3 ,6.0 ,19.2 ,13.8 ,26.8 ,0.7 ,0.1 ,1.2 ,8.4 ,5.1 ,14.0 ,50.1 ,40.8 ,61.6 ,8.8 ,7.2 ,10.4 ,,,,62.2 ,51.7 ,75.0 
360,Scranton,PA,375,17.5 ,13.7 ,22.3 ,66.4 ,58.6 ,75.3 ,4.9 ,4.3 ,5.5 ,23.1 ,18.7 ,28.5 ,1.0 ,0.6 ,1.3 ,9.6 ,6.9 ,13.4 ,68.2 ,60.3 ,77.1 ,8.6 ,7.4 ,9.7 ,13.8 ,10.5 ,18.1 ,65.4 ,57.7 ,74.1 
362,Wilkes-Barre,PA,287,22.8 ,17.7 ,29.3 ,63.8 ,55.0 ,73.9 ,5.0 ,4.4 ,5.7 ,27.5 ,21.9 ,34.5 ,1.2 ,0.8 ,1.6 ,13.4 ,9.6 ,18.8 ,55.4 ,47.5 ,64.7 ,6.6 ,5.4 ,7.9 ,13.8 ,10.1 ,18.9 ,70.0 ,61.0 ,80.2 
363,York,PA,299,18.4 ,14.0 ,24.0 ,53.6 ,45.8 ,62.6 ,4.0 ,3.4 ,4.7 ,22.2 ,17.4 ,28.4 ,1.1 ,0.7 ,1.5 ,6.8 ,4.3 ,10.6 ,59.4 ,51.3 ,68.7 ,9.0 ,7.7 ,10.3 ,8.3 ,5.6 ,12.3 ,66.6 ,57.9 ,76.6 
364,Providence,RI,741,20.2 ,17.1 ,23.8 ,62.6 ,57.0 ,68.6 ,4.8 ,4.4 ,5.2 ,20.3 ,17.2 ,23.9 ,0.8 ,0.6 ,1.1 ,9.8 ,7.7 ,12.5 ,68.0 ,62.3 ,74.2 ,9.1 ,8.3 ,9.9 ,13.2 ,10.8 ,16.1 ,67.4 ,61.6 ,73.7 
365,Charleston,SC,957,25.3 ,22.3 ,28.6 ,61.9 ,57.1 ,67.1 ,4.8 ,4.4 ,5.1 ,30.5 ,27.2 ,34.2 ,1.3 ,1.1 ,1.6 ,9.9 ,8.2 ,12.1 ,67.5 ,62.4 ,72.9 ,10.9 ,10.2 ,11.6 ,8.7 ,7.0 ,10.8 ,59.3 ,54.6 ,64.5 
366,Columbia,SC,970,24.3 ,21.4 ,27.5 ,62.5 ,57.7 ,67.6 ,5.3 ,5.0 ,5.7 ,29.2 ,26.1 ,32.8 ,1.5 ,1.2 ,1.7 ,10.7 ,8.9 ,12.9 ,61.9 ,57.1 ,67.2 ,9.4 ,8.7 ,10.1 ,11.2 ,9.3 ,13.6 ,50.2 ,45.9 ,54.9 
367,Florence,SC,390,20.5 ,16.6 ,25.4 ,60.6 ,53.4 ,68.7 ,4.6 ,4.0 ,5.1 ,27.9 ,23.2 ,33.5 ,1.3 ,1.0 ,1.7 ,8.0 ,5.7 ,11.1 ,73.1 ,65.0 ,82.3 ,12.3 ,11.2 ,13.3 ,9.1 ,6.5 ,12.8 ,49.1 ,42.6 ,56.6 
368,Greenville,SC,644,19.6 ,16.5 ,23.3 ,56.4 ,50.8 ,62.5 ,4.4 ,3.9 ,4.8 ,25.3 ,21.7 ,29.5 ,0.9 ,0.6 ,1.2 ,7.4 ,5.6 ,9.8 ,72.2 ,65.9 ,79.1 ,11.5 ,10.6 ,12.4 ,12.5 ,10.0 ,15.5 ,62.9 ,57.0 ,69.5 
369,Spartanburg,SC,306,21.0 ,16.5 ,26.7 ,55.0 ,47.3 ,64.0 ,4.3 ,3.7 ,4.9 ,26.5 ,21.3 ,32.9 ,1.3 ,0.9 ,1.7 ,10.0 ,7.0 ,14.1 ,70.9 ,62.0 ,81.1 ,12.3 ,11.0 ,13.5 ,8.8 ,6.1 ,12.9 ,63.0 ,54.6 ,72.6 
370,Rapid City,SD,140,21.4 ,14.9 ,30.8 ,55.2 ,44.2 ,68.9 ,3.8 ,2.9 ,4.7 ,19.7 ,13.5 ,28.8 ,0.7 ,0.1 ,1.3 ,,,,63.5 ,51.7 ,78.0 ,10.2 ,8.3 ,12.0 ,7.7 ,4.3 ,13.9 ,44.7 ,34.6 ,57.7 
371,Sioux Falls,SD,700,18.9 ,15.9 ,22.4 ,55.7 ,50.5 ,61.5 ,3.8 ,3.4 ,4.2 ,17.1 ,14.3 ,20.5 ,0.5 ,0.2 ,0.7 ,4.8 ,3.4 ,6.8 ,61.5 ,56.0 ,67.6 ,10.1 ,9.3 ,10.9 ,9.1 ,7.1 ,11.6 ,46.8 ,41.9 ,52.3 
373,Chattanooga,TN,543,16.3 ,13.3 ,20.1 ,59.9 ,53.8 ,66.8 ,4.1 ,3.6 ,4.5 ,23.5 ,19.8 ,27.9 ,0.8 ,0.5 ,1.1 ,7.9 ,5.8 ,10.6 ,70.3 ,63.5 ,77.8 ,10.8 ,9.9 ,11.8 ,12.2 ,9.6 ,15.5 ,53.7 ,47.9 ,60.3 
374,Jackson,TN,405,21.9 ,17.8 ,26.9 ,62.9 ,55.6 ,71.1 ,4.4 ,3.9 ,5.0 ,38.3 ,32.8 ,44.8 ,2.2 ,1.9 ,2.6 ,7.5 ,5.3 ,10.6 ,62.3 ,55.0 ,70.6 ,9.8 ,8.7 ,10.9 ,9.0 ,6.5 ,12.5 ,56.2 ,49.5 ,63.9 
375,Johnson City,TN,222,26.8 ,20.8 ,34.5 ,62.9 ,53.3 ,74.3 ,5.1 ,4.4 ,5.9 ,38.0 ,30.7 ,47.1 ,1.8 ,1.3 ,2.3 ,10.0 ,6.6 ,15.2 ,60.7 ,51.2 ,71.8 ,9.4 ,8.0 ,10.9 ,10.3 ,6.8 ,15.5 ,66.7 ,56.8 ,78.3 
376,Kingsport,TN,405,28.3 ,23.6 ,33.9 ,65.0 ,57.6 ,73.4 ,4.9 ,4.3 ,5.4 ,38.5 ,32.9 ,44.9 ,1.8 ,1.5 ,2.2 ,8.9 ,6.4 ,12.3 ,58.0 ,51.0 ,66.0 ,8.4 ,7.3 ,9.4 ,10.0 ,7.3 ,13.6 ,62.5 ,55.3 ,70.6 
377,Knoxville,TN,"1,017",26.8 ,23.8 ,30.2 ,65.0 ,60.2 ,70.2 ,5.0 ,4.7 ,5.4 ,26.7 ,23.7 ,30.1 ,1.2 ,1.0 ,1.4 ,8.7 ,7.0 ,10.6 ,57.8 ,53.3 ,62.7 ,9.0 ,8.3 ,9.7 ,9.0 ,7.3 ,11.0 ,56.0 ,51.6 ,60.8 
379,Memphis,TN,"1,472",25.6 ,23.2 ,28.3 ,65.1 ,61.1 ,69.4 ,5.3 ,5.0 ,5.6 ,30.1 ,27.5 ,33.1 ,1.4 ,1.2 ,1.6 ,12.3 ,10.7 ,14.1 ,60.6 ,56.6 ,64.8 ,8.8 ,8.2 ,9.4 ,10.3 ,8.7 ,12.1 ,62.0 ,58.1 ,66.1 
380,Nashville,TN,"1,941",25.3 ,23.1 ,27.6 ,64.4 ,60.9 ,68.1 ,4.8 ,4.5 ,5.0 ,33.3 ,30.8 ,35.9 ,1.6 ,1.5 ,1.8 ,10.5 ,9.1 ,12.0 ,57.2 ,53.9 ,60.8 ,8.9 ,8.4 ,9.4 ,9.3 ,8.0 ,10.7 ,54.2 ,51.0 ,57.6 
382,Abilene,TX,345,17.3 ,13.5 ,22.2 ,63.9 ,56.0 ,72.8 ,4.9 ,4.3 ,5.5 ,26.5 ,21.6 ,32.5 ,1.2 ,0.8 ,1.5 ,9.1 ,6.5 ,12.9 ,71.6 ,63.1 ,81.2 ,9.2 ,8.1 ,10.4 ,16.4 ,12.7 ,21.2 ,38.2 ,32.2 ,45.3 
383,Amarillo,TX,291,11.5 ,8.2 ,16.0 ,57.9 ,49.8 ,67.3 ,3.6 ,3.0 ,4.3 ,25.6 ,20.5 ,32.1 ,1.0 ,0.6 ,1.4 ,6.5 ,4.1 ,10.2 ,77.1 ,67.6 ,87.9 ,11.3 ,10.1 ,12.6 ,15.8 ,11.9 ,21.0 ,32.9 ,26.9 ,40.3 
385,Austin,TX,781,17.9 ,15.1 ,21.1 ,59.7 ,54.5 ,65.4 ,4.3 ,3.9 ,4.7 ,30.4 ,26.7 ,34.5 ,1.4 ,1.1 ,1.7 ,9.2 ,7.3 ,11.6 ,71.8 ,66.0 ,78.0 ,11.0 ,10.3 ,11.8 ,13.2 ,10.9 ,16.0 ,65.6 ,60.1 ,71.6 
386,Beaumont,TX,411,20.9 ,16.9 ,25.9 ,66.7 ,59.2 ,75.2 ,5.1 ,4.6 ,5.7 ,36.5 ,31.1 ,42.9 ,1.7 ,1.4 ,2.0 ,9.5 ,7.0 ,13.0 ,66.1 ,58.7 ,74.6 ,9.6 ,8.5 ,10.6 ,13.2 ,10.0 ,17.3 ,59.6 ,52.8 ,67.3 
388,Bryan,TX,156,11.8 ,7.5 ,18.8 ,56.2 ,45.5 ,69.3 ,3.7 ,2.8 ,4.5 ,36.0 ,27.6 ,46.9 ,1.7 ,1.1 ,2.2 ,,,,72.8 ,60.7 ,87.5 ,9.9 ,8.1 ,11.6 ,13.6 ,8.9 ,20.9 ,55.5 ,44.9 ,68.6 
390,Corpus Christi,TX,328,25.2 ,20.3 ,31.3 ,61.2 ,53.2 ,70.5 ,5.2 ,4.6 ,5.8 ,26.6 ,21.6 ,32.8 ,1.0 ,0.6 ,1.4 ,12.2 ,9.0 ,16.7 ,62.8 ,54.8 ,72.0 ,9.4 ,8.2 ,10.6 ,11.3 ,8.2 ,15.7 ,59.6 ,52.0 ,68.4 
391,Dallas,TX,"2,564",22.6 ,20.9 ,24.6 ,62.2 ,59.2 ,65.4 ,4.7 ,4.5 ,5.0 ,31.4 ,29.3 ,33.7 ,1.5 ,1.3 ,1.6 ,11.7 ,10.4 ,13.1 ,65.7 ,62.6 ,69.0 ,9.5 ,9.0 ,9.9 ,12.8 ,11.4 ,14.2 ,60.7 ,57.7 ,63.8 
393,El Paso,TX,568,24.1 ,20.3 ,28.6 ,63.6 ,57.3 ,70.5 ,5.0 ,4.6 ,5.5 ,34.0 ,29.5 ,39.3 ,1.9 ,1.6 ,2.2 ,10.8 ,8.4 ,14.0 ,65.2 ,59.0 ,72.2 ,9.4 ,8.5 ,10.3 ,11.6 ,9.1 ,14.7 ,51.7 ,46.0 ,58.0 
394,Fort Worth,TX,"1,062",20.0 ,17.5 ,22.9 ,61.7 ,57.1 ,66.6 ,4.9 ,4.6 ,5.3 ,32.1 ,28.9 ,35.7 ,1.8 ,1.5 ,2.0 ,11.1 ,9.3 ,13.3 ,70.8 ,65.9 ,76.1 ,10.4 ,9.7 ,11.1 ,14.8 ,12.6 ,17.3 ,65.2 ,60.5 ,70.3 
396,Harlingen,TX,336,20.2 ,15.7 ,25.8 ,68.8 ,60.3 ,78.5 ,5.5 ,4.9 ,6.1 ,36.7 ,30.6 ,44.0 ,2.1 ,1.7 ,2.5 ,15.9 ,12.0 ,21.1 ,66.7 ,58.6 ,75.9 ,9.5 ,8.3 ,10.7 ,14.4 ,10.9 ,19.2 ,58.6 ,51.1 ,67.2 
397,Houston,TX,"3,119",20.8 ,19.2 ,22.5 ,63.8 ,61.0 ,66.8 ,5.0 ,4.8 ,5.2 ,36.4 ,34.3 ,38.6 ,2.0 ,1.8 ,2.1 ,11.8 ,10.6 ,13.0 ,66.3 ,63.4 ,69.3 ,9.3 ,8.9 ,9.7 ,11.5 ,10.3 ,12.8 ,65.3 ,62.5 ,68.3 
399,Longview,TX,186,14.3 ,9.9 ,20.8 ,60.4 ,50.2 ,72.7 ,4.1 ,3.3 ,4.9 ,38.4 ,30.5 ,48.2 ,2.2 ,1.7 ,2.7 ,6.0 ,3.4 ,10.6 ,78.7 ,66.8 ,92.7 ,12.5 ,10.9 ,14.0 ,8.6 ,5.3 ,14.1 ,50.0 ,40.9 ,61.2 
400,Lubbock,TX,521,25.8 ,21.8 ,30.6 ,60.5 ,54.2 ,67.6 ,4.9 ,4.4 ,5.4 ,30.2 ,25.8 ,35.3 ,1.3 ,1.0 ,1.7 ,9.3 ,7.0 ,12.4 ,66.8 ,60.1 ,74.2 ,10.2 ,9.2 ,11.1 ,12.6 ,9.9 ,16.1 ,48.1 ,42.5 ,54.4 
402,McAllen,TX,307,33.2 ,27.3 ,40.5 ,70.2 ,61.2 ,80.4 ,5.8 ,5.1 ,6.4 ,53.3 ,45.6 ,62.3 ,3.5 ,3.1 ,3.9 ,15.8 ,11.8 ,21.1 ,48.0 ,40.9 ,56.4 ,7.1 ,5.9 ,8.3 ,6.6 ,4.2 ,10.2 ,71.6 ,63.0 ,81.4 
406,Odessa,TX,265,14.7 ,10.8 ,20.1 ,53.4 ,45.3 ,62.9 ,3.8 ,3.2 ,4.5 ,31.1 ,25.1 ,38.6 ,1.3 ,0.8 ,1.7 ,11.2 ,7.8 ,16.0 ,69.1 ,59.8 ,79.9 ,9.6 ,8.3 ,11.0 ,15.1 ,11.1 ,20.5 ,33.9 ,27.5 ,41.8 
411,San Angelo,TX,122,15.9 ,10.3 ,24.7 ,51.4 ,40.1 ,65.8 ,3.3 ,2.3 ,4.3 ,24.9 ,17.5 ,35.5 ,0.9 ,0.3 ,1.5 ,,,,68.6 ,55.3 ,85.1 ,12.1 ,10.2 ,14.1 ,10.5 ,6.1 ,18.1 ,42.1 ,32.1 ,55.3 
412,San Antonio,TX,"1,350",23.2 ,20.8 ,26.0 ,62.7 ,58.6 ,67.2 ,4.7 ,4.4 ,5.0 ,39.7 ,36.4 ,43.3 ,2.1 ,1.9 ,2.3 ,12.9 ,11.1 ,15.0 ,66.3 ,62.1 ,70.8 ,9.8 ,9.2 ,10.3 ,11.7 ,10.0 ,13.6 ,55.7 ,51.9 ,59.9 
413,Temple,TX,222,23.7 ,18.1 ,31.0 ,58.9 ,49.6 ,70.0 ,4.2 ,3.4 ,4.9 ,25.2 ,19.4 ,32.7 ,1.0 ,0.5 ,1.5 ,10.1 ,6.7 ,15.2 ,70.8 ,60.5 ,82.8 ,12.1 ,10.6 ,13.5 ,10.5 ,7.0 ,15.8 ,53.2 ,44.5 ,63.7 
416,Tyler,TX,543,21.8 ,18.2 ,26.1 ,63.9 ,57.5 ,71.0 ,4.5 ,4.0 ,5.0 ,37.4 ,32.6 ,42.9 ,2.1 ,1.8 ,2.4 ,10.5 ,8.1 ,13.6 ,69.2 ,62.5 ,76.6 ,10.0 ,9.0 ,10.9 ,12.2 ,9.5 ,15.5 ,52.2 ,46.5 ,58.6 
417,Victoria,TX,167,23.6 ,17.2 ,32.3 ,61.7 ,50.9 ,74.7 ,5.0 ,4.1 ,5.8 ,26.5 ,19.7 ,35.7 ,1.2 ,0.7 ,1.8 ,11.8 ,7.5 ,18.5 ,56.9 ,46.6 ,69.5 ,10.5 ,8.8 ,12.2 ,,,,52.6 ,42.5 ,65.1 
418,Waco,TX,234,8.5 ,5.5 ,13.2 ,52.7 ,44.2 ,62.9 ,3.6 ,2.9 ,4.3 ,24.4 ,18.9 ,31.6 ,1.0 ,0.5 ,1.4 ,7.3 ,4.5 ,11.7 ,85.0 ,73.9 ,97.7 ,13.6 ,12.1 ,15.0 ,13.2 ,9.3 ,18.7 ,52.1 ,43.5 ,62.4 
420,Wichita Falls,TX,182,7.5 ,4.4 ,12.6 ,53.8 ,44.2 ,65.5 ,3.5 ,2.7 ,4.3 ,25.8 ,19.4 ,34.2 ,1.0 ,0.5 ,1.6 ,,,,81.7 ,69.5 ,96.0 ,12.2 ,10.6 ,13.8 ,15.0 ,10.4 ,21.7 ,44.7 ,35.9 ,55.8 
421,Ogden,UT,147,22.7 ,16.2 ,31.8 ,60.8 ,49.5 ,74.6 ,3.8 ,2.9 ,4.7 ,35.8 ,27.3 ,46.8 ,1.5 ,0.9 ,2.1 ,16.1 ,10.7 ,24.2 ,64.4 ,52.7 ,78.8 ,8.8 ,7.0 ,10.5 ,17.7 ,12.2 ,25.9 ,49.2 ,38.8 ,62.3 
422,Provo,UT,104,15.6 ,9.7 ,25.1 ,54.0 ,41.8 ,69.9 ,2.8 ,1.7 ,3.8 ,17.1 ,10.8 ,27.1 ,0.4 ,,1.1 ,,,,70.2 ,55.8 ,88.4 ,12.1 ,9.9 ,14.2 ,12.0 ,7.0 ,20.7 ,41.2 ,30.5 ,55.8 
423,Salt Lake City,UT,655,17.7 ,14.7 ,21.2 ,53.7 ,48.4 ,59.6 ,3.1 ,2.7 ,3.6 ,22.4 ,19.0 ,26.3 ,0.7 ,0.5 ,1.0 ,5.0 ,3.5 ,7.1 ,66.0 ,60.0 ,72.5 ,10.5 ,9.7 ,11.4 ,11.8 ,9.5 ,14.7 ,42.1 ,37.3 ,47.5 
424,Burlington,VT,573,30.3 ,26.0 ,35.2 ,55.1 ,49.4 ,61.6 ,4.4 ,4.0 ,4.9 ,16.2 ,13.2 ,19.9 ,0.5 ,0.2 ,0.7 ,5.2 ,3.6 ,7.6 ,51.3 ,45.8 ,57.5 ,8.5 ,7.6 ,9.4 ,5.7 ,4.0 ,8.0 ,49.7 ,44.2 ,56.0 
426,Arlington,VA,975,23.7 ,20.8 ,27.0 ,60.2 ,55.5 ,65.3 ,4.7 ,4.3 ,5.0 ,32.1 ,28.7 ,35.9 ,1.4 ,1.2 ,1.6 ,10.9 ,9.0 ,13.2 ,67.2 ,62.2 ,72.6 ,11.0 ,10.3 ,11.7 ,10.5 ,8.7 ,12.8 ,75.7 ,70.3 ,81.5 
427,Charlottesville,VA,495,27.6 ,23.3 ,32.6 ,61.5 ,54.9 ,68.7 ,4.1 ,3.6 ,4.6 ,22.4 ,18.6 ,27.0 ,0.7 ,0.4 ,1.0 ,7.6 ,5.5 ,10.4 ,57.3 ,51.0 ,64.4 ,10.2 ,9.3 ,11.2 ,5.3 ,3.6 ,7.7 ,58.2 ,51.8 ,65.4 
428,Lynchburg,VA,265,22.3 ,17.3 ,28.8 ,51.9 ,43.9 ,61.3 ,4.1 ,3.4 ,4.8 ,23.1 ,18.0 ,29.7 ,1.0 ,0.6 ,1.4 ,5.9 ,3.6 ,9.7 ,63.3 ,54.4 ,73.7 ,12.1 ,10.7 ,13.4 ,6.4 ,4.0 ,10.4 ,62.9 ,54.0 ,73.2 
429,Newport News,VA,480,27.6 ,23.3 ,32.6 ,62.8 ,56.1 ,70.3 ,4.6 ,4.1 ,5.1 ,37.7 ,32.6 ,43.6 ,1.9 ,1.6 ,2.3 ,9.2 ,6.9 ,12.2 ,59.5 ,52.9 ,66.9 ,9.0 ,8.0 ,10.0 ,10.0 ,7.5 ,13.4 ,69.4 ,62.2 ,77.4 
430,Norfolk,VA,"1,008",26.5 ,23.5 ,29.8 ,64.4 ,59.7 ,69.6 ,5.3 ,5.0 ,5.7 ,34.7 ,31.3 ,38.5 ,2.1 ,1.9 ,2.3 ,9.9 ,8.2 ,12.0 ,55.5 ,51.0 ,60.3 ,7.7 ,7.0 ,8.4 ,10.8 ,8.9 ,13.1 ,72.0 ,66.9 ,77.5 
431,Richmond,VA,"1,446",21.6 ,19.4 ,24.2 ,61.9 ,58.0 ,66.2 ,5.0 ,4.7 ,5.3 ,34.8 ,31.9 ,38.0 ,1.9 ,1.7 ,2.1 ,8.4 ,7.0 ,9.9 ,65.0 ,61.0 ,69.4 ,9.4 ,8.9 ,10.0 ,11.6 ,9.9 ,13.5 ,69.9 ,65.6 ,74.4 
432,Roanoke,VA,679,28.6 ,24.8 ,32.9 ,63.1 ,57.4 ,69.4 ,4.8 ,4.4 ,5.3 ,29.7 ,25.9 ,34.1 ,1.5 ,1.2 ,1.7 ,8.8 ,6.8 ,11.3 ,54.2 ,49.0 ,60.1 ,8.8 ,8.0 ,9.7 ,8.0 ,6.2 ,10.5 ,55.8 ,50.4 ,61.8 
435,Winchester,VA,387,30.4 ,25.3 ,36.5 ,62.0 ,54.7 ,70.4 ,4.9 ,4.3 ,5.4 ,18.1 ,14.3 ,22.9 ,0.8 ,0.4 ,1.2 ,7.9 ,5.6 ,11.4 ,58.6 ,51.4 ,66.7 ,11.0 ,9.8 ,12.1 ,7.9 ,5.5 ,11.2 ,44.7 ,38.5 ,52.0 
437,Everett,WA,315,23.6 ,18.8 ,29.6 ,54.7 ,47.3 ,63.4 ,3.8 ,3.2 ,4.5 ,24.4 ,19.6 ,30.5 ,0.9 ,0.5 ,1.3 ,4.8 ,2.9 ,8.0 ,56.3 ,48.6 ,65.3 ,9.5 ,8.3 ,10.7 ,9.2 ,6.4 ,13.2 ,59.4 ,51.2 ,68.8 
438,Olympia,WA,281,27.2 ,21.7 ,34.0 ,64.2 ,55.5 ,74.2 ,4.1 ,3.4 ,4.7 ,30.7 ,24.9 ,37.9 ,1.2 ,0.7 ,1.6 ,8.7 ,5.8 ,12.9 ,52.8 ,45.0 ,62.0 ,8.3 ,7.0 ,9.6 ,9.0 ,6.1 ,13.2 ,43.0 ,35.9 ,51.6 
439,Seattle,WA,"1,562",27.3 ,24.8 ,30.1 ,60.1 ,56.3 ,64.0 ,4.4 ,4.1 ,4.6 ,28.9 ,26.3 ,31.8 ,1.2 ,1.0 ,1.4 ,8.5 ,7.1 ,10.2 ,52.9 ,49.4 ,56.6 ,8.9 ,8.3 ,9.4 ,6.8 ,5.6 ,8.2 ,57.7 ,54.0 ,61.7 
440,Spokane,WA,"1,114",20.4 ,17.9 ,23.2 ,56.2 ,52.0 ,60.7 ,3.5 ,3.1 ,3.8 ,21.4 ,18.8 ,24.3 ,0.7 ,0.5 ,0.9 ,7.8 ,6.3 ,9.7 ,60.4 ,56.0 ,65.2 ,9.9 ,9.3 ,10.6 ,8.8 ,7.3 ,10.7 ,44.9 ,41.0 ,49.1 
441,Tacoma,WA,448,25.1 ,20.8 ,30.2 ,60.5 ,53.7 ,68.1 ,4.5 ,4.0 ,5.0 ,37.1 ,31.9 ,43.2 ,1.6 ,1.3 ,1.9 ,7.1 ,5.0 ,10.1 ,58.8 ,52.1 ,66.4 ,9.0 ,8.0 ,10.0 ,7.7 ,5.5 ,10.7 ,62.4 ,55.5 ,70.3 
442,Yakima,WA,194,19.4 ,14.1 ,26.7 ,60.9 ,50.9 ,72.9 ,3.7 ,2.9 ,4.5 ,26.5 ,20.2 ,34.8 ,0.6 ,0.1 ,1.1 ,,,,61.9 ,51.7 ,74.0 ,9.8 ,8.2 ,11.3 ,9.5 ,6.1 ,14.9 ,40.0 ,32.0 ,50.1 
443,Charleston,WV,872,24.2 ,21.1 ,27.7 ,62.4 ,57.3 ,67.9 ,5.0 ,4.6 ,5.4 ,33.4 ,29.8 ,37.5 ,1.7 ,1.4 ,1.9 ,8.0 ,6.3 ,10.1 ,61.5 ,56.5 ,67.0 ,9.7 ,9.0 ,10.5 ,9.5 ,7.7 ,11.8 ,54.3 ,49.7 ,59.4 
444,Huntington,WV,369,20.9 ,16.7 ,26.1 ,64.4 ,56.7 ,73.3 ,4.6 ,4.1 ,5.2 ,20.2 ,16.1 ,25.3 ,0.7 ,0.3 ,1.1 ,10.6 ,7.7 ,14.5 ,68.9 ,60.9 ,78.0 ,10.1 ,9.0 ,11.2 ,11.0 ,8.1 ,15.0 ,56.6 ,49.6 ,64.8 
445,Morgantown,WV,326,29.1 ,23.8 ,35.6 ,61.5 ,53.5 ,70.7 ,4.9 ,4.3 ,5.5 ,32.5 ,26.9 ,39.3 ,1.5 ,1.1 ,1.9 ,7.2 ,4.8 ,10.8 ,60.6 ,52.7 ,69.7 ,11.5 ,10.3 ,12.7 ,6.6 ,4.4 ,10.1 ,51.3 ,44.2 ,59.6 
446,Appleton,WI,147,16.9 ,11.4 ,25.1 ,50.3 ,40.1 ,63.1 ,3.1 ,2.2 ,4.0 ,10.2 ,6.1 ,16.8 ,0.2 ,,0.8 ,,,,70.0 ,57.7 ,84.9 ,11.4 ,9.6 ,13.2 ,,,,42.4 ,33.0 ,54.5 
447,Green Bay,WI,368,22.9 ,18.4 ,28.4 ,59.2 ,51.8 ,67.6 ,4.0 ,3.4 ,4.5 ,16.9 ,13.2 ,21.8 ,0.4 ,0.0 ,0.8 ,7.3 ,4.9 ,10.8 ,58.5 ,51.3 ,66.8 ,9.3 ,8.1 ,10.4 ,7.3 ,5.0 ,10.6 ,44.9 ,38.4 ,52.4 
448,La Crosse,WI,253,22.8 ,17.5 ,29.6 ,58.7 ,50.0 ,68.9 ,3.6 ,2.9 ,4.3 ,17.8 ,13.3 ,24.0 ,0.3 ,,0.8 ,4.7 ,2.6 ,8.5 ,57.0 ,48.5 ,67.0 ,8.7 ,7.4 ,10.1 ,9.3 ,6.2 ,13.9 ,50.9 ,42.6 ,60.7 
449,Madison,WI,723,19.2 ,16.2 ,22.6 ,55.7 ,50.5 ,61.3 ,3.7 ,3.2 ,4.1 ,18.5 ,15.6 ,21.9 ,0.4 ,0.2 ,0.7 ,5.4 ,4.0 ,7.5 ,68.1 ,62.3 ,74.4 ,11.8 ,11.0 ,12.6 ,7.6 ,5.8 ,9.8 ,48.8 ,43.9 ,54.2 
450,Marshfield,WI,277,29.0 ,23.2 ,36.2 ,58.2 ,49.8 ,67.9 ,4.0 ,3.4 ,4.7 ,17.4 ,13.0 ,23.1 ,0.4 ,0.0 ,0.9 ,6.2 ,3.8 ,10.1 ,52.5 ,44.7 ,61.7 ,9.5 ,8.2 ,10.8 ,4.6 ,2.7 ,8.0 ,56.4 ,48.1 ,66.0 
451,Milwaukee,WI,"1,760",18.1 ,16.2 ,20.2 ,58.7 ,55.2 ,62.5 ,4.3 ,4.1 ,4.6 ,26.9 ,24.6 ,29.5 ,1.2 ,1.0 ,1.3 ,9.3 ,7.9 ,10.9 ,72.6 ,68.7 ,76.7 ,10.6 ,10.1 ,11.2 ,12.4 ,10.9 ,14.2 ,60.9 ,57.3 ,64.7 
452,Neenah,WI,142,12.9 ,8.1 ,20.5 ,56.8 ,45.7 ,70.6 ,3.5 ,2.6 ,4.5 ,17.2 ,11.5 ,25.6 ,0.4 ,,1.0 ,,,,70.8 ,58.3 ,85.9 ,10.1 ,8.3 ,11.9 ,16.6 ,11.1 ,24.8 ,39.0 ,29.9 ,50.9 
456,Wausau,WI,176,20.0 ,14.4 ,27.9 ,58.7 ,48.4 ,71.2 ,4.0 ,3.2 ,4.8 ,20.6 ,14.8 ,28.5 ,0.6 ,0.1 ,1.1 ,,,,67.9 ,56.8 ,81.2 ,11.4 ,9.8 ,13.1 ,8.4 ,5.1 ,13.9 ,55.6 ,45.6 ,67.7 
457,Casper,WY,187,21.5 ,15.8 ,29.4 ,61.2 ,51.0 ,73.5 ,3.6 ,2.8 ,4.4 ,17.7 ,12.6 ,24.9 ,0.4 ,,0.9 ,9.4 ,5.8 ,15.1 ,56.6 ,46.8 ,68.4 ,9.2 ,7.6 ,10.7 ,7.3 ,4.3 ,12.4 ,39.2 ,31.1 ,49.4 
999,United States,US,"210,944",23.1 ,,,61.6 ,,,4.6 ,,,30.2 ,,,1.6 ,,,10.3 ,,,63.4 ,,,9.4 ,,,11.0 ,,,61.7 ,,